state,abbr,population,age,income,poverty,crime,price_1996apr,price_1996may,price_1996jun,price_1996jul,price_1996aug,price_1996sep,price_1996oct,price_1996nov,price_1996dec,price_1997jan,price_1997feb,price_1997mar,price_1997apr,price_1997may,price_1997jun,price_1997jul,price_1997aug,price_1997sep,price_1997oct,price_1997nov,price_1997dec,price_1998jan,price_1998feb,price_1998mar,price_1998apr,price_1998may,price_1998jun,price_1998jul,price_1998aug,price_1998sep,price_1998oct,price_1998nov,price_1998dec,price_1999jan,price_1999feb,price_1999mar,price_1999apr,price_1999may,price_1999jun,price_1999jul,price_1999aug,price_1999sep,price_1999oct,price_1999nov,price_1999dec,price_2000jan,price_2000feb,price_2000mar,price_2000apr,price_2000may,price_2000jun,price_2000jul,price_2000aug,price_2000sep,price_2000oct,price_2000nov,price_2000dec,price_2001jan,price_2001feb,price_2001mar,price_2001apr,price_2001may,price_2001jun,price_2001jul,price_2001aug,price_2001sep,price_2001oct,price_2001nov,price_2001dec,price_2002jan,price_2002feb,price_2002mar,price_2002apr,price_2002may,price_2002jun,price_2002jul,price_2002aug,price_2002sep,price_2002oct,price_2002nov,price_2002dec,price_2003jan,price_2003feb,price_2003mar,price_2003apr,price_2003may,price_2003jun,price_2003jul,price_2003aug,price_2003sep,price_2003oct,price_2003nov,price_2003dec,price_2004jan,price_2004feb,price_2004mar,price_2004apr,price_2004may,price_2004jun,price_2004jul,price_2004aug,price_2004sep,price_2004oct,price_2004nov,price_2004dec,price_2005jan,price_2005feb,price_2005mar,price_2005apr,price_2005may,price_2005jun,price_2005jul,price_2005aug,price_2005sep,price_2005oct,price_2005nov,price_2005dec,price_2006jan,price_2006feb,price_2006mar,price_2006apr,price_2006may,price_2006jun,price_2006jul,price_2006aug,price_2006sep,price_2006oct,price_2006nov,price_2006dec,price_2007jan,price_2007feb,price_2007mar,price_2007apr,price_2007may,price_2007jun,price_2007jul,price_2007aug,price_2007sep,price_2007oct,price_2007nov,price_2007dec,price_2008jan,price_2008feb,price_2008mar,price_2008apr,price_2008may,price_2008jun,price_2008jul,price_2008aug,price_2008sep,price_2008oct,price_2008nov,price_2008dec,price_2009jan,price_2009feb,price_2009mar,price_2009apr,price_2009may,price_2009jun,price_2009jul,price_2009aug,price_2009sep,price_2009oct,price_2009nov,price_2009dec,price_2010jan,price_2010feb,price_2010mar,price_2010apr,price_2010may,price_2010jun,price_2010jul,price_2010aug,price_2010sep,price_2010oct,price_2010nov,price_2010dec,price_2011jan,price_2011feb,price_2011mar,price_2011apr,price_2011may,price_2011jun,price_2011jul,price_2011aug,price_2011sep,price_2011oct,price_2011nov,price_2011dec,price_2012jan,price_2012feb,price_2012mar,price_2012apr,price_2012may,price_2012jun,price_2012jul,price_2012aug,price_2012sep,price_2012oct,price_2012nov,price_2012dec,price_2013jan,price_2013feb,price_2013mar,price_2013apr,price_2013may,price_2013jun,price_2013jul,price_2013aug,price_2013sep,price_2013oct,price_2013nov,price_2013dec,price_2014jan,price_2014feb,price_2014mar,price_2014apr,price_2014may,price_2014jun,price_2014jul,price_2014aug,price_2014sep,price_2014oct,price_2014nov,price_2014dec,price_2015jan,price_2015feb,price_2015mar,price_2015apr,price_2015may,price_2015jun,price_2015jul,price_2015aug,price_2015sep,price_2015oct,price_2015nov,price_2015dec,price_2016jan,price_2016feb,price_2016mar,price_2016apr,price_2016may,price_2016jun,price_2016jul,price_2016aug,price_2016sep,price_2016oct,price_2016nov,price_2016dec,price_2017jan,price_2017feb,price_2017mar,price_2017apr,price_2017may,price_2017jun,price_2017jul,price_2017aug,price_2017sep,price_2017oct,price_2017nov,price_2017dec,price_2018jan,price_2018feb,price_2018mar,price_2018apr,price_2018may,price_2018jun,price_2018jul,price_2018aug,price_2018sep
Alabama,AL,4860545,38.6,47221,18.4,532.2723254,75700,76300,77000,77700,78300,78800,79100,79300,79300,79300,79300,79200,79200,79200,79300,79400,79500,79600,79700,79800,79900,79900,79900,79900,79900,79900,79900,80000,80100,80400,80700,81100,81700,82300,82900,83400,83900,84400,84700,84900,85100,85300,85400,85500,85700,85900,86000,86100,86300,86400,86400,86500,86700,87000,87300,87600,88100,88500,89000,89400,89700,90000,90300,90700,90900,91200,91400,91600,91800,92000,92200,92500,92700,93000,93200,93400,93700,94000,94200,94500,94800,95200,95500,95800,96100,96400,96800,97100,97500,97900,98200,98500,98800,99100,99400,99800,100100,100400,100800,101200,101700,102400,103000,103600,103900,103800,103200,102300,101100,100000,99200,98600,98200,97900,97800,97900,98400,99200,100500,102200,104200,106200,108000,109500,110500,111300,111700,111900,111900,112000,112100,112200,112500,112700,112700,112700,112600,112400,112300,112200,112100,112100,112000,111900,111900,111700,111400,110900,110400,109900,109500,109100,108700,108300,107800,107400,106900,106500,105800,105200,104700,104300,104000,103700,103600,103600,103600,103100,102200,101800,101800,101500,101100,100700,100300,99800,99300,98500,97800,97300,97000,96800,96600,96700,96500,95900,95500,95400,95200,95100,95400,95700,95700,95400,95300,95700,96900,98500,99700,100500,101200,102100,103000,104200,105400,106300,107000,107500,107800,108100,108500,108900,109400,110000,110100,109900,109800,109900,110200,110500,110800,111100,111600,112200,112700,112800,112500,112400,112500,112700,113100,113300,113400,113600,114000,114400,114800,115300,115700,115900,116300,116800,117200,117600,117900,117800,117900,118200,118400,118600,118800,119100,119600,120300,120300,120100,120200,120600,120800,121000,121400,122300,123400,124600,125500,126100,126500,127300,128000,128300
Alaska,AK,741522,33.6,75723,10.1,804.1580064,117800,118500,119400,120500,121700,122700,123600,124300,124800,125200,125300,125200,125100,125100,125100,125200,125500,125900,126700,127700,129000,130500,131800,132900,133900,134800,135700,136700,138000,139400,141000,142600,144300,146000,147600,149100,150500,151800,152800,153700,154500,155000,155500,155800,156000,156100,156000,155800,155500,155100,154500,153900,153200,152800,152900,153600,155400,158000,161100,164600,168200,171500,174500,177100,179100,180700,182000,183000,183900,184800,185600,186200,186900,187500,188200,188800,189400,190000,190500,191000,191400,191800,192200,192800,193600,194800,196300,198000,199800,201500,203100,204400,205400,206400,207400,208500,209700,211000,212400,213800,215300,216800,218300,219900,221600,223300,225100,226700,228300,229900,231500,233400,235700,238200,240900,243700,246200,248300,250100,251900,253600,255200,256700,258300,259800,261300,262700,264100,265500,266800,268000,269200,270100,270900,271600,272200,272500,272600,272800,273000,273100,273200,273300,273400,273400,273500,273400,273300,273400,273400,273600,273800,274000,274400,274700,275100,275400,275600,275800,276000,276100,276100,276100,276200,276200,276400,276500,276600,277000,277600,278300,278500,278500,278500,278600,278600,278800,279000,279000,278800,278600,278400,278100,278200,278300,278500,278500,278200,277800,277400,277200,277100,276800,276900,277100,277200,277300,277400,277600,278200,278800,279000,279100,279300,279900,280800,281700,282500,283200,283900,284400,284700,284800,285000,285400,286200,286500,285500,284600,285400,287500,289500,291300,293100,294800,296400,297800,299400,301000,302400,303100,302800,301700,301000,300800,300400,300000,300600,301900,302500,302500,303100,304100,304900,305100,304800,304400,304000,303900,303800,304100,304700,305200,305400,305700,305800,305800,306200,306900,307600,308400,308700,307900,306900,306700,307300,308300,309200,309800,310200
Arizona,AZ,6908642,37.1,57100,17.7,470.1005083,100100,100600,101100,101700,102200,102700,103300,103800,104400,105000,105500,105900,106300,106700,107100,107600,108100,108700,109400,110100,110800,111700,112400,112900,113400,113900,114400,114900,115300,115700,116100,116600,117200,117700,118300,118800,119300,119800,120300,120700,121200,121800,122300,122700,123200,123700,124200,124500,124800,125200,125600,126000,126400,126900,127500,128100,128900,129800,130600,131300,132000,132600,133300,133800,134300,134700,135300,135900,136600,137300,138100,138700,139400,140000,140500,140900,141500,142200,143000,143900,144900,145700,146500,147300,147900,148500,149200,149800,150600,151400,152300,153200,154200,155300,156500,157900,159500,161300,163400,166000,169000,172300,176000,180000,184500,189200,194200,199800,206200,213200,220900,228800,236400,243300,249400,254400,258400,261600,264100,266400,268300,269300,269400,268600,267200,265300,263300,261300,259400,257800,256300,254800,253400,251900,250100,247800,245200,242200,238900,235400,231700,227800,223600,219400,215400,211700,208000,204500,201100,197700,194300,190900,187600,184200,180700,177100,173500,170000,166700,164100,162200,160500,159100,158100,157500,157100,156900,156100,154700,153200,151800,149900,147900,146200,144800,143100,141500,140400,139700,138800,137500,135900,134400,133000,132000,131600,131800,132400,133100,133900,135000,136700,138800,141100,143300,145600,148000,150000,151500,153100,155000,156400,157900,159900,162000,164200,166500,168900,170600,172200,173700,174900,176000,177000,177300,177500,178100,178900,179500,179900,180400,181200,182100,183000,183700,184200,184900,185800,186800,188100,189500,191000,192600,194100,195400,196600,198000,199300,200200,201200,202600,204000,205600,207400,209100,210600,212100,213900,215300,216200,217200,218700,220300,221700,223100,224400,225800,227100,228600,229800,230900,232900,235000,236500,237700,239200,240600,242100,243500,244600
Arkansas,AR,2988231,37.7,45907,18.8,550.857894,62400,62200,61900,61600,61400,61200,61100,61000,61000,61000,61200,61300,61500,61800,62100,62400,62600,62800,63200,63500,64000,64500,65000,65400,65700,65900,66100,66400,66700,66900,67100,67200,67400,67500,67600,67700,67800,68000,68300,68500,68700,68800,69000,69200,69400,69700,70000,70400,70800,71100,71300,71500,71700,71800,71900,72100,72400,72700,73100,73500,73900,74200,74500,74700,74800,74900,74900,74800,74800,74900,74900,75000,75200,75400,75700,76100,76600,77200,77800,78500,79100,79400,79400,79400,79500,79700,79900,80200,80500,80800,81100,81500,81800,82300,82800,83300,83700,84200,84700,85200,85700,86200,86700,87200,87900,88500,89300,90100,90800,91500,92200,92900,93500,94200,94900,95600,96400,97100,97600,98100,98600,99000,99500,100100,100700,101500,102100,102400,102400,102200,102000,102000,102200,102400,102500,102600,102700,102700,102700,102700,102800,102800,102800,102800,102800,102600,102200,101800,101400,101000,100600,100200,100000,99800,99700,99700,99700,99500,99300,99000,98700,98400,98200,98100,98100,98200,98400,98200,97700,97500,97700,97700,97400,96900,96600,96500,96000,95500,95100,95000,94900,94700,94400,94000,93800,93800,94000,93900,94000,94200,94100,93600,93300,93600,93800,93900,94100,94200,94400,94600,94900,95200,95500,96100,96600,96800,97000,97400,97800,98100,98300,98500,98700,98700,98900,99300,99500,99400,99500,99800,100200,100600,100900,101100,101500,101900,102000,102100,102300,102700,103200,103600,103900,104300,104800,105400,106000,106400,106600,107100,107800,108600,109200,109900,110400,111000,111800,112500,112900,113200,113500,114100,114700,115100,115500,116000,116400,116600,116600,116700,116900,117800,119000,120200,121100,121700,121900,122000,122400,122800
California,CA,39296476,36,66637,15.8,445.3399345,163000,162700,162300,162000,161800,161700,161600,161700,161900,162200,162500,162500,162600,162700,163000,163400,163900,164600,165400,166500,167900,169500,171000,172300,173500,174700,175700,176600,177500,178400,179300,180200,181500,182800,184200,185400,186700,188100,189600,191100,192800,194700,196800,199100,201800,204700,207400,210100,212800,215600,218300,221100,223700,226300,228800,231300,233900,236500,239000,241400,243700,246000,248300,250600,252700,254900,257300,259800,262400,265200,268000,270900,273900,277100,280500,284100,288000,292000,296300,300700,305100,309300,313500,317900,322400,327100,332000,337300,342700,348400,354400,360400,366700,373500,380800,388700,397500,406900,416500,425900,434800,443100,450800,457800,464700,471300,477700,484200,490700,497000,503000,508600,513500,518000,522200,525700,528800,531600,534000,536300,538300,539600,540100,539500,537500,534800,532200,529500,526900,524600,522000,518900,515400,511500,507300,502100,495800,489000,481900,474500,466700,458500,449500,439500,428500,417600,407100,398400,391500,385800,380200,374900,369800,365000,360100,354600,348700,342500,337400,334400,333100,332700,332900,333400,334200,335000,335400,335000,335000,335600,335500,334200,332900,331100,328800,326500,323800,320900,318500,316700,314700,312800,311000,309100,307100,305200,303500,302300,301400,300900,300800,301700,303800,306300,308500,310600,312700,315300,318500,322600,326700,330400,335000,341300,348500,355700,363300,370200,376200,380900,384600,387600,390500,393300,396500,399900,402800,405200,407400,409500,411400,412900,414800,416600,418800,421300,424200,426700,429000,431400,434200,436700,439000,441800,444400,446900,449700,452800,455200,457200,459200,461300,463400,466200,469600,473100,476900,480500,483800,487200,490400,493200,496000,499000,502100,505300,508200,511500,515000,518400,521800,526700,531900,535000,536400,538200,539900,541400,543200,544900
Colorado,CO,5530105,36.4,70566,12.2,342.6197242,126400,126500,126600,126700,126900,127300,127700,128100,128400,128600,128700,128800,129100,129600,130300,131200,132100,133000,133900,134700,135400,135900,136300,136700,137200,138000,139100,140300,141600,142800,144100,145300,146500,147800,149000,150200,151500,152900,154300,155800,157400,158900,160500,162100,163900,165800,167700,169400,171200,173000,174800,176600,178300,180100,181800,183500,185400,187200,188900,190400,191900,193100,194200,195300,196400,197300,198100,199000,199800,200600,201400,202300,203000,203700,204200,204700,205000,205400,205900,206300,206800,207200,207800,208400,208900,209400,209700,210000,210400,210800,211300,211900,212500,213000,213500,214000,214400,214900,215400,216000,216600,217300,218000,218700,219400,220200,220900,221600,222400,223000,223600,224200,224700,225400,226100,226700,227400,228100,228700,229400,230000,230600,231000,231300,231600,231700,231800,231800,231900,232000,232000,232200,232400,232500,232500,232400,232100,231600,230800,229700,228700,227600,226500,225500,224700,224000,223300,222600,221900,221300,220800,220500,220200,220100,219900,219500,218800,217800,216800,216200,216100,216100,216200,216200,216400,216700,217100,216700,215900,215400,215100,214300,213300,212300,211400,210600,209500,208400,207400,207000,206600,206000,205600,205100,204900,204900,205100,205500,206000,206500,207000,207700,208700,210000,211400,212700,213900,215100,216600,218000,219000,219900,221000,222600,224200,225700,227300,229400,231500,233000,234200,235400,236700,237800,238800,239800,241400,243500,245300,247100,249200,251300,253500,255900,258500,261200,263700,266500,269600,272900,276200,279300,282400,285600,288600,291000,293500,295900,298500,301300,304100,306700,309400,312300,314900,317200,319300,322000,324700,327500,330900,334300,336700,338600,340000,341300,342800,344600,346600,348600,350800,354400,358600,361600,363300,364700,365800,366600,367300,368100
Connecticut,CT,3587685,40.6,75923,10.4,227.1245357,133900,133500,133100,132700,132400,132200,132100,132200,132500,132800,133000,133200,133300,133400,133600,133800,134000,134200,134400,134700,135100,135600,136100,136400,136800,137300,137700,138200,138800,139600,140300,141100,142000,142900,143800,144600,145500,146400,147300,148200,148900,149700,150400,151300,152300,153500,154700,155800,156800,157700,158700,159600,160400,161400,162400,163500,164600,165900,167200,168600,169900,171300,172700,174100,175600,177100,178600,180100,181700,183200,184900,186500,188100,189700,191400,193100,194900,196800,198900,201000,203200,205400,207400,209600,212000,214500,217200,220000,222700,225300,227700,230100,232400,234700,237000,239300,241600,243900,246300,248900,251400,254100,256800,259400,261900,264400,266800,269100,271600,274000,276300,278500,280700,282600,284500,286000,287200,288100,288800,289400,289900,290100,290100,289900,289400,288900,288200,287600,287100,286900,286700,286500,286200,285600,284600,283600,282500,281400,280100,278600,276900,275200,273400,271800,270400,269100,267600,265700,263600,261400,259500,257800,256200,254700,253200,251400,249400,247000,244700,243100,242300,242100,242300,242600,243100,243800,244400,243900,242800,242300,242100,241100,239500,238200,236900,234900,232900,231400,230100,229100,228400,227600,226900,226400,225600,224600,223400,222000,220500,218600,217000,216400,216200,215900,215700,215800,215700,215400,215600,215800,215700,215600,215800,216200,216900,217800,218400,219300,220200,220400,220400,221000,221600,221700,221700,221600,221200,220700,220500,220600,220400,220100,219900,220400,221000,221600,221700,221600,221500,221700,221900,221900,222000,222200,222400,222400,222600,222800,223200,223700,224100,224400,224700,224700,224800,225500,226100,226500,226900,227500,228000,228600,229400,230100,230100,230500,231700,233100,234000,235100,236000,237000,237500,237900,238400,239200,239900,240400,241100,241800
Delaware,DE,952698,39.6,58046,12,508.7887907,104100,104900,105700,106400,107000,107300,107500,107500,107600,107800,107900,108000,108000,108200,108300,108500,108700,109000,109400,109900,110600,111500,112200,112400,112400,112400,112200,112200,112300,112400,112600,112900,113500,114200,114900,115400,115900,116300,116700,117100,117300,117500,117500,117600,117900,118400,118900,119500,120400,121300,122400,123400,124300,125100,125800,126600,127500,128600,129800,130900,131900,132800,133700,134600,135300,135900,136500,137100,137800,138800,139900,140900,141900,143000,144100,145000,145900,146700,147400,148400,149800,151400,153200,155100,157000,158800,160600,162500,164300,166000,167500,168900,170300,171900,173700,175700,177800,180000,182500,185500,189300,194400,200400,206100,210200,212200,212700,212600,212800,213300,213800,214400,215100,216200,217500,218900,220700,222600,224700,226600,228000,229300,230500,231800,232700,233100,233200,233100,233200,233600,234200,234400,234500,234700,235300,235800,236200,236200,236100,236400,236600,236500,236400,236000,235300,234800,234600,233900,232700,231100,230000,229600,229200,228300,227200,225500,223300,221200,219500,218200,217300,216400,216200,217000,218000,218400,217900,219300,223000,225200,224700,224000,222800,221300,220700,222000,223500,224000,224700,225200,224800,224300,224100,223500,222800,223200,218500,207300,197300,193000,190900,189500,188400,187600,187100,186300,185100,183900,184100,185500,186400,186400,186700,187300,187200,186700,186600,187200,188700,190200,191700,193100,194200,194700,194900,194600,195100,196300,197400,197600,197500,197200,197500,198200,199200,200100,200600,200200,200100,200700,201700,202700,203700,205000,206200,207500,208500,209200,210400,211600,212000,212300,213300,214800,216000,216600,217500,218400,219000,219900,221300,222100,222100,221800,221100,220600,221200,221500,223400,229400,236400,238900,237900,235600,233600,232000,231600,232000,232300,232100
Florida,FL,20656589,41.6,51176,16.1,430.3226804,84600,84600,84600,84600,84600,84700,84900,85100,85500,85900,86200,86500,86600,86800,87000,87200,87400,87600,87800,88100,88500,88900,89200,89400,89500,89700,90000,90300,90700,91200,91700,92200,92800,93300,93700,94100,94500,94900,95400,95900,96500,97100,97700,98300,98900,99600,100100,100600,101100,101800,102500,103200,104100,105000,106000,106900,108000,109100,110300,111400,112600,113800,115000,116100,117200,118400,119500,120600,121700,122700,123600,124600,125400,126300,127200,128000,128900,129800,130800,131900,133100,134300,135600,137000,138400,139900,141300,142700,144100,145700,147300,148900,150700,152500,154500,156500,158800,161300,164000,167100,170300,173700,177100,180500,184200,188000,192100,196600,201500,206600,211800,217100,222300,227200,231800,236000,240000,243700,247000,250200,253300,255700,257600,258700,258900,258500,257700,256400,254900,253400,251700,249800,247700,245300,242500,239400,236000,232400,228800,225100,221300,217400,213400,209300,205200,201200,197200,193100,189200,185300,181400,177600,173900,170300,166600,162800,159000,155100,151400,148600,146600,145100,144000,143200,142800,142600,142600,141800,140400,139400,138800,137600,136100,134500,133100,131900,130500,129000,127700,126900,126300,125800,125100,124600,124400,124100,123900,123700,123600,123600,123800,124100,124600,125200,125700,126000,126300,126900,127400,127900,128700,129500,130400,131500,132700,134000,135600,137300,138900,140400,142000,143500,144700,145600,146600,147800,149200,150400,151500,152700,154000,155000,155800,156800,158000,159000,160100,161400,162700,164100,165300,166700,168100,169600,171100,172400,173700,175200,176600,178100,179800,181500,182900,184600,186400,188300,190500,192900,195400,197500,199200,200600,202300,204000,205400,206900,208400,209900,211500,213000,214200,216100,218600,220500,221700,223100,224700,225800,226900,227800
Georgia,GA,10313620,36.2,53527,17.8,397.5608637,87000,87400,87900,88400,89000,89400,89900,90300,90700,91200,91500,91900,92400,92800,93300,93800,94400,95000,95500,96000,96500,97000,97500,97900,98400,98900,99500,100300,101100,102000,102900,103800,104600,105500,106200,106900,107500,108200,109100,110000,110800,111700,112600,113300,114100,115000,115800,116600,117400,118200,118900,119700,120500,121200,122000,122800,123700,124600,125400,126000,126600,127200,127700,128200,128700,129200,129700,130400,131100,131900,132600,133400,134100,134800,135400,135900,136300,136700,137000,137400,137900,138400,138900,139300,139700,140100,140400,140700,140800,141000,141200,141500,141900,142600,143400,144200,144900,145400,145900,146400,147100,148000,148800,149400,149600,149500,149500,149600,149900,150400,151100,151800,152400,153200,153900,154600,155300,155900,156600,157200,158000,158600,159200,159900,160500,161000,161500,161900,162200,162600,162800,163100,163500,163700,163600,163500,163400,163100,162800,162400,161800,161200,160500,159800,159000,158100,156900,155600,154200,152900,151600,150400,149100,148000,146800,145600,144400,143000,141400,140100,139000,138200,137400,136700,136300,136100,136300,135400,133800,132700,132300,131600,130700,129500,128200,127100,126100,124700,123100,121800,120700,119700,118600,117500,116400,115300,114000,112800,111800,110900,110200,109900,109700,109600,109800,110000,110200,110800,111500,112200,112800,113500,114200,115000,115900,116900,117800,118600,119600,120600,121600,122700,123800,124900,125800,126800,128000,129000,129900,131000,131900,132500,133200,134200,134900,135300,135700,136500,137400,138300,138900,139600,140600,141300,141900,142400,143000,143800,144700,145800,147000,148100,148900,149900,150800,151800,152900,154000,154800,155800,156600,157500,158400,159300,159900,160600,161600,163000,164200,165400,166900,168700,170600,171900,173100,174400,175800,176900,178100,179200
Hawaii,HI,1428683,38.5,72133,10.8,309.1931229,215400,214600,213700,212800,212100,211400,210900,210500,210200,210000,209500,208700,207700,206800,205800,204800,203900,203200,202600,202200,201900,201700,201500,201400,201500,201900,202300,202700,202900,203100,203100,203100,203300,203500,203600,203500,203200,202900,202500,202200,201900,202000,202400,203200,204500,206100,207700,209300,210700,212200,213500,214600,215500,216100,216700,217300,217900,218600,219300,219900,220500,221200,222100,223100,224200,225500,226800,228200,229800,231600,233400,235200,237000,238900,240900,242900,245300,247800,250500,253400,256500,259800,263300,267100,270900,274800,278900,283400,288500,294100,300100,306200,312500,318800,325500,332800,340700,349300,358600,368200,377700,387000,396100,404800,413200,421300,429300,437700,446800,456200,465600,474600,482800,490100,496800,503200,509400,515300,520400,524900,528500,531400,533600,535400,536600,537100,536900,535900,534700,533600,532500,531200,529700,528000,526400,525000,523600,522300,521100,519800,518100,515700,512800,509200,505100,500300,495400,490200,485000,479900,474900,469800,464600,459500,454600,449700,444700,439400,434500,430400,427200,424900,423500,422800,422500,422400,422300,422900,423600,423600,423100,422900,422000,420800,419400,418100,416500,415100,413900,411900,410000,409300,408600,406600,404700,402900,401700,401700,401900,402200,403700,406100,408000,409800,411900,414600,417600,420400,422200,423800,426200,429000,431800,434600,438200,442100,446000,449400,452500,456100,460100,462300,464900,468300,470400,472000,474900,478100,481100,484500,487900,490900,494200,497600,500700,502400,503300,504500,505800,506100,506400,508100,511600,515200,518700,522300,525300,528700,533300,537900,541500,545000,548400,551700,554300,556600,559200,563200,567200,568900,569200,569900,571300,572800,574600,576100,577800,580200,583400,586200,589300,593800,599600,603500,606500,610000,613500,616000,617900,619000
Idaho,ID,1680026,35.7,56564,15.2,230.2838742,99900,99800,99800,99700,99600,99600,99600,99800,100200,101000,102300,104100,106200,108400,110500,112300,113900,115100,115900,116400,116700,116700,116600,116400,116200,116200,116300,116600,117100,117500,118000,118400,118800,119100,119400,119500,119400,119300,119100,119000,118900,118900,119000,119200,119500,119900,120200,120600,120900,121300,121700,122100,122600,123000,123500,124100,124700,125300,125800,126200,126300,126100,125800,125200,124600,124200,123800,123700,123700,123800,124000,124200,124500,124700,125000,125300,125600,126000,126400,126800,127200,127500,127800,128200,128600,129100,129600,130200,130800,131200,131500,131700,132000,132300,132800,133400,134200,135200,136200,137300,138200,139100,140000,141000,142100,143400,144700,146000,147300,148600,150000,151800,154100,157000,160200,163400,166400,169100,171400,173900,176700,179300,181800,184000,185800,187100,187900,188400,188900,189200,189400,189700,190200,190400,190500,190500,190600,190800,191000,191300,191600,191800,191700,191700,191400,190700,189500,188200,186600,185000,183400,181900,180500,179200,177900,176700,175700,174300,172500,170900,169400,168100,166900,165900,165300,164900,165200,164100,161500,159400,158600,157400,156200,155100,154100,152700,150900,149600,148100,146200,145000,144500,143700,143300,143100,142900,142400,142200,141900,141400,141000,141200,141600,142300,143000,143800,144500,145400,146400,147400,148400,149000,149500,150500,151800,153100,154700,156400,157900,159100,160200,161400,162800,163800,164600,165900,167300,168200,168600,168900,169100,169400,170000,170900,171900,172700,173400,174300,175500,176300,176900,177600,178400,179400,180300,181500,182700,184200,185700,187000,188200,189200,190300,191600,193000,194100,195300,196800,198200,199700,201300,203300,205200,207000,208300,209600,211600,213800,215800,217600,219200,221000,223300,225400,227600,230400,233400,236300,239100,241300
Illinois,IL,12835726,37.4,61386,14,436.3069159,115100,115700,116100,116300,116200,115900,115300,114700,114100,113500,112900,112000,111200,110500,109800,108900,108100,107400,107100,107300,108100,109400,110900,112300,113800,115200,116700,118200,119600,120800,121900,122700,123400,123900,124000,123900,123800,123800,123900,124200,124700,125200,126000,126800,127900,129100,130200,131200,132100,133000,133800,134700,135500,136300,137100,137800,138600,139400,140100,140800,141400,142100,142800,143600,144500,145400,146500,147600,148700,149700,150700,151700,152700,153600,154400,155200,155900,156700,157300,157900,158400,158900,159400,160000,160600,161400,162200,163100,164000,165000,165900,166800,167700,168800,169800,170900,172100,173300,174400,175500,176500,177500,178600,179600,180600,181500,182300,183100,184100,185200,186300,187600,189100,190600,192000,193300,194600,195700,196600,197700,198700,199500,200200,200900,201400,202000,202400,202800,203200,203600,203700,203900,203900,203600,203100,202700,202200,201700,201100,200300,199300,198200,196900,195600,194400,193000,191500,189900,188000,186200,184500,182800,181200,179600,177900,176200,174400,172200,170000,168000,166300,164800,163800,163000,162600,162500,162800,161900,160000,158900,158400,157500,156200,154800,153400,151900,150200,148800,147700,146800,145800,144500,142800,141500,140700,140000,138900,137700,136800,135800,134500,133700,133700,134000,134400,134400,134200,134100,134200,134600,135100,135300,135600,136100,136400,136900,137600,138700,139700,140500,141200,141600,141800,142100,142500,143100,143800,144700,145800,146800,147500,148100,148500,148800,149100,149400,149700,150400,151400,152000,152600,153100,153700,154000,154700,155300,155800,156000,156400,156900,157800,158600,159000,159400,160200,160900,161600,162200,163000,163600,164100,164800,165500,166100,166600,167300,167800,168500,169400,170300,171200,172400,173600,174100,174400,175000,175400,175700,176100,176800
Indiana,IN,6634007,37.4,56094,15,404.7155963,93600,92200,90800,89500,88500,87800,87500,87500,87700,88000,88300,88500,88600,88600,88600,88600,88400,88200,87900,87600,87000,86400,86100,86100,86500,87100,87600,88000,88300,88600,88700,88700,88400,87900,87300,86900,86700,86900,87400,88300,89400,90500,91400,92100,92500,92900,93000,93100,93100,93100,93200,93400,93700,94100,94700,95500,96400,97400,98300,99200,99900,100600,101200,101800,102300,102800,103100,103300,103500,103500,103600,103500,103400,103300,103200,103100,103100,103100,103300,103400,103600,103900,104200,104600,105000,105300,105300,105200,104900,104500,104200,104000,103800,103900,104000,104300,104600,105000,105400,105700,105900,106200,106400,106800,107500,108300,109100,109900,110700,111500,112200,112800,113400,113900,114300,114600,114800,114900,114900,114900,115000,115200,115400,115900,116400,116800,117200,117400,117600,117700,117800,117900,117900,117900,117800,117700,117500,117500,117600,117700,117900,118000,117900,117900,117800,117600,117200,116700,116200,115500,114900,114300,113800,113300,112800,112300,111800,111200,110500,109900,109400,109000,108500,108200,108000,107900,107900,107700,107400,107600,107900,108000,108000,108200,108300,108200,108000,107800,107500,107100,106700,106100,105600,105300,105000,104800,104700,104700,104300,104000,104000,104200,104200,104300,104500,104800,105000,105100,105200,105200,105400,105400,105100,104800,104700,104700,104500,104400,104300,104200,104100,104200,104400,104500,104600,104900,105100,105400,105900,106200,106300,106600,107100,107600,108100,108500,108700,108900,109300,109700,110000,110300,110700,111100,111500,111700,112000,112600,113200,113800,114400,115200,116000,116700,117300,118100,118800,119400,119900,120600,121200,122000,122900,123600,124000,124400,125000,125500,126100,127100,128000,128700,129800,130900,131900,132800,133800,135000,136400,137300
Iowa,IA,3130869,38,59094,12.3,290.6185709,62000,62000,62100,62300,62600,63100,63600,64100,64500,64800,65000,65200,65500,65800,66100,66500,66800,67300,67800,68300,68800,69200,69500,69700,69900,70300,70800,71600,72500,73300,74000,74700,75300,75800,76200,76400,76400,76200,75900,75600,75300,75100,75100,75200,75500,75900,76500,77300,78100,78800,79500,80100,80700,81100,81500,81800,82000,82300,82600,82900,83200,83500,83700,83900,84100,84500,84800,85100,85500,85900,86300,86900,87500,88000,88500,88900,89200,89300,89500,89700,89800,89900,90000,90200,90600,91000,91500,92000,92300,92700,93000,93200,93400,93700,94000,94300,94700,95000,95400,95800,96300,96800,97400,98300,99300,100200,100900,101300,101500,101700,102000,102500,102900,103400,103800,104100,104300,104400,104500,104600,104800,105100,105600,106100,106700,107200,107600,108000,108300,108500,108800,109200,109400,109600,109700,109800,109900,110100,110300,110600,110900,111100,111300,111600,111800,111900,111700,111400,111200,110900,110700,110600,110600,110600,110700,110900,111100,111100,111000,111000,111000,111100,111100,111100,111100,111100,111200,111300,111400,111700,112300,112700,112500,112200,112000,111600,111200,110800,110300,109900,109800,109800,109700,109700,109900,110000,109900,110100,110300,110500,110700,110800,110800,110900,111100,111200,111400,111700,112100,112400,112700,113100,113400,113900,114200,114200,114100,114400,114700,114900,115100,115500,115800,116000,116300,116700,117000,117300,117700,118000,118300,118800,119200,119400,119900,120400,120900,121300,122000,122700,123200,123500,123700,123900,124300,124700,124900,125000,125600,126000,126400,126900,127500,128000,128400,128700,129100,129600,130000,130600,131200,131900,132700,133200,133400,133700,134000,134400,135000,136000,136900,137400,137600,137800,138100,138300,138600,139200,139900,140500
Kansas,KS,2907731,36.2,56810,13.3,380.4231365,64200,64400,64600,64800,65000,65300,65500,65900,66300,67000,68000,69300,70800,72400,73800,75100,76100,76900,77600,78300,79000,79800,80600,81300,82000,82700,83300,83900,84400,84800,85200,85700,86100,86600,87000,87400,87700,88000,88300,88500,88700,88900,89200,89500,89900,90200,90400,90700,90900,91000,91300,91500,91700,91800,91900,92000,92100,92300,92600,93000,93500,94100,94600,95200,95800,96300,96800,97200,97600,98000,98300,98600,98700,98800,98700,98600,98500,98400,98500,98900,99200,99500,99700,99800,99800,99900,100300,100800,101300,101800,102100,102300,102500,102700,103000,103400,103900,104500,105200,106000,106900,107900,109100,110300,111400,112300,113000,113500,113900,113800,113500,113100,112600,112300,112100,112000,111900,112000,112200,112300,112500,112700,113000,113400,113800,114200,114600,114900,115100,115400,115700,116100,116600,117300,117900,118500,119000,119400,119500,119400,119100,118900,118700,118500,118300,118000,117700,117500,117200,117000,116800,116600,116500,116500,116400,116400,116400,116300,116100,115800,115500,115300,115100,115000,114900,114900,115000,115000,114800,114700,114800,114800,114500,114100,113900,113600,113300,112900,112400,111600,110900,110500,110100,109500,109300,109300,109100,108900,108700,108500,108500,108600,108700,108600,108700,108800,108900,108800,108700,108800,108900,109000,109000,108800,108800,109000,109100,109400,109600,109800,110000,110400,110800,111000,111300,111600,111900,112000,112100,112400,112600,112800,113000,113400,113800,114100,114300,114800,115200,115300,115500,115700,115800,116100,116500,116700,117000,117500,118200,118800,119400,120000,120600,121300,122200,123000,123600,124200,124700,125300,126100,127000,127900,128600,129000,129300,129600,130000,130600,131100,131400,131600,131800,131900,132500,133600,134500,135300,136200,136800
Kentucky,KY,4436113,38.6,45369,18.8,232.3204959,70200,70400,70600,70800,71000,71300,71600,72000,72300,72700,73000,73300,73600,73900,74200,74500,74800,75200,75600,76000,76500,77000,77500,78000,78500,78900,79300,79700,80100,80500,80800,81100,81300,81600,81800,82000,82300,82600,83000,83300,83700,84000,84300,84700,85000,85300,85600,85900,86300,86600,87000,87300,87700,88000,88400,88800,89300,89900,90400,90900,91400,91900,92400,92800,93100,93300,93600,93900,94300,94800,95400,95900,96500,96900,97200,97500,97800,98100,98400,98900,99500,100000,100600,101200,101600,102000,102400,102700,103000,103300,103600,103900,104300,104600,105000,105400,105700,106100,106600,107000,107500,107900,108400,108900,109300,109500,109600,109300,109100,109100,109200,109400,109700,110000,110300,110700,111100,111500,112000,112400,112800,113400,114100,114900,115900,116700,117100,117100,116700,116400,116200,116000,115900,115900,115900,115900,115700,115600,115600,115600,115600,115600,115700,115700,115700,115500,115300,114900,114600,114300,114100,114000,114000,114000,114100,114100,114000,113900,113800,113500,113200,113000,112900,112900,112900,113000,113000,113600,114600,115000,115000,115200,115200,115100,114900,114700,114600,114500,114300,113700,112900,112300,111900,111600,111400,111300,111200,111000,110700,110600,110500,110300,110100,110100,110300,110200,110300,110300,110400,110800,111100,111100,111200,111300,111300,111400,111700,112000,112100,112200,112300,112400,112500,112600,112900,113100,113300,113500,113600,113800,114100,114400,114500,114600,114800,115100,115400,115800,116300,116700,117100,117400,117600,118100,118700,119400,119900,120300,120800,121400,121900,122300,122900,123400,124000,124700,125400,126100,126700,127500,128400,129100,129600,130500,131400,132200,132800,133300,133800,134400,135000,135800,136300,136900,137800,138600,139100,139800,140800,141600
Louisiana,LA,4686157,36.2,42196,19.7,566.0805363,67100,67300,67400,67700,68000,68200,68500,68700,69100,69400,69700,69900,70200,70500,70700,71000,71400,71800,72200,72700,73400,74100,75100,76000,77000,78000,79000,79900,80700,81500,82300,82900,83600,84200,84800,85300,85900,86400,87000,87800,88500,89200,89800,90400,90900,91300,91700,91900,92200,92300,92400,92600,92700,92900,93200,93500,93900,94300,94700,95000,95100,94800,94200,93200,92000,90900,90000,89400,89100,89100,89300,89600,89900,90200,90400,90700,91000,91200,91400,91600,91800,92100,92200,92500,92800,93200,93900,94700,95600,96400,97300,98100,98800,99300,99800,100300,100700,101200,101800,102400,103100,103600,104100,104300,104200,103800,103500,103400,103700,104100,104800,105700,106800,108000,109100,110300,111600,112800,113900,114800,115600,116200,116600,116900,117100,117500,117900,118400,118900,119500,120100,120700,121300,121900,122400,122800,123100,123300,123500,123600,123800,124000,124200,124300,124400,124300,124200,124100,124200,124300,124400,124600,124700,125000,125200,125500,125700,125900,125900,126000,126000,125800,125600,125500,125400,125400,125400,125400,125200,125000,125100,125200,125000,124800,124700,124400,123900,123500,123100,122500,121700,121200,120800,120400,120000,119700,119300,119000,118800,118500,118200,118100,118100,118200,118300,118300,118500,118700,118800,118800,119000,119400,119800,120000,120300,120600,120800,120800,120900,121100,121400,121700,122000,122100,122200,122300,122600,123100,123200,123600,124000,124400,124600,125000,125300,125700,126100,126200,126200,126500,126900,127200,127400,127700,128200,128900,129300,129700,130300,131300,132100,132600,133300,134200,134900,135600,136200,136800,137500,138000,138500,139100,139700,140000,140200,140400,140700,141200,141600,142000,142300,142600,142900,143300,144200,144900,145400,145600,145900,146100
Maine,ME,1330232,44,50856,13.5,123.7721361,86200,85700,85100,84500,83900,83400,82900,82500,82300,82100,82000,82000,82000,82100,82400,82700,83100,83600,84200,84700,85300,85800,86200,86600,86900,87200,87500,87800,88100,88500,89000,89500,90000,90600,91200,91800,92500,93300,94200,95200,96200,97200,98300,99400,100600,101800,102900,104000,105100,106200,107400,108600,110000,111400,112900,114500,116100,117700,119200,120800,122200,123600,124900,126100,127200,128200,129100,130000,130900,131900,133000,134200,135400,136600,137900,139100,140300,141500,142800,144000,145200,146300,147600,149000,150400,152000,153600,155400,157400,159300,161200,162900,164500,166100,167800,169700,171800,174000,176200,178100,179600,180900,182300,184100,186600,189400,192100,194300,196200,197800,199100,200000,200600,201200,201700,201900,201800,201700,201600,201600,201700,201700,201700,201600,201400,201200,200900,200600,200100,199700,199500,199200,198700,198300,198000,198000,198000,198200,198300,198200,197800,196800,195200,193100,190700,188200,186000,184100,182600,181300,179900,178600,177500,176600,175800,175000,174000,172700,171600,170900,170600,170700,170900,171300,171800,172300,172600,173500,175300,177000,177900,178300,178300,177700,177000,175900,174700,173400,172000,170400,169200,168400,168200,168200,168000,168100,168300,168400,168300,168400,168600,168700,168900,169400,169900,170200,170500,171100,171700,172400,173100,173800,174700,175500,175900,176000,175700,175600,175900,176300,176400,176600,176800,177200,177900,178800,179800,180900,182200,182900,182600,182000,181900,182200,182600,183200,183900,184700,185000,185000,185100,185300,185500,185700,186200,186800,187400,187900,188800,189800,190600,191700,193300,194900,196300,197600,198900,200100,201700,203100,203800,204700,206000,207000,208000,208800,209500,210400,212100,214600,216600,218000,219400,220500,221200,221700,221900,223200,225900,228400
Maryland,MD,6024752,38.3,73760,9.9,472.0393947,129200,129200,129100,129000,128900,128900,128900,128900,129000,129200,129400,129400,129400,129300,129300,129200,129200,129300,129400,129500,129800,130200,130700,131000,131200,131300,131400,131400,131500,131600,131700,132000,132500,133000,133600,134100,134500,134900,135300,135600,136000,136400,136800,137400,138100,138900,139600,140200,140800,141300,141800,142400,143000,143600,144400,145200,146100,147100,148100,149000,150000,150900,151900,152900,154000,155100,156400,157700,159100,160600,162100,163700,165300,167100,168900,170700,172600,174600,176700,178900,181200,183500,185700,187900,190200,192600,195000,197600,200300,203000,205800,208800,211800,214900,218000,221300,225000,229000,233500,238300,243300,248500,253800,258900,263900,268700,273300,278000,283000,288100,293300,298300,302900,307000,310700,314000,317000,319700,322200,324700,327300,329400,331200,332700,333700,334400,334800,334800,334800,334700,334500,334300,334100,333300,332000,330300,328300,325900,323100,320100,317100,314000,311000,308500,306000,303000,299200,295300,291400,287900,284700,281700,278800,275900,272900,270100,267100,263600,259900,257000,255000,253600,252600,251900,251600,251500,251900,250300,247100,245100,244900,243900,242700,241500,240300,239100,237600,236200,234700,233400,232200,230900,229700,228600,227300,225800,224400,223200,222200,221900,221800,221900,222600,223600,224300,225200,226300,227300,227900,228500,229000,229500,229600,230400,231900,233500,234800,236100,237500,238700,239800,240800,241700,241900,242200,242900,243500,243800,244300,245000,245500,246200,246900,247300,247700,248100,248600,249000,249500,250000,250600,251200,251600,251700,251900,252500,252900,253100,253200,253900,255200,256700,258200,259500,260200,260900,262000,263600,265000,266000,266900,268000,269100,269900,270200,270400,271100,272500,273600,274600,275800,277600,279500,281100,282300,283100,283400,283800,284600,285400
Massachusetts,MA,6823721,39.4,72266,11.4,376.9499862,137100,137400,137800,138100,138400,138800,139100,139500,140000,140700,141200,141700,142300,142900,143600,144300,145100,145900,146800,147800,149100,150600,152000,153200,154400,155600,156700,157800,158800,159800,160800,161900,163200,164800,166400,167900,169600,171400,173300,175300,177300,179200,181200,183300,185700,188200,190700,193000,195400,197800,200300,203000,205800,208700,211700,214600,217600,220500,223300,226100,228900,231900,234900,238100,241300,244300,247300,250100,252800,255400,257900,260400,263000,265700,268500,271400,274400,277500,280800,284100,287300,290300,293100,295900,298600,301100,303500,305600,307700,309700,311800,314000,316300,318600,321000,323500,325900,328500,331200,334100,336900,339700,342500,345000,347600,350100,352600,355000,357200,358800,359900,360600,360900,361000,360800,360400,359600,358700,357700,356600,355400,354000,352300,350300,348100,345900,343900,342000,340400,339200,338400,337600,336800,335800,334600,333200,331700,330000,328200,326100,323900,321600,319200,316700,314100,311700,309500,307400,305500,304100,302800,301700,300700,299900,299100,297800,296000,294000,292000,290800,290600,290900,291400,291900,292500,293300,294100,294000,293500,293300,293400,293100,292400,291600,290400,289300,288200,286400,284200,283200,283000,282300,281500,281100,280400,279300,278300,277300,276600,276000,275700,276000,276800,277800,278900,279900,280400,280900,281900,283200,284300,285000,286100,287800,290000,292300,294800,297100,299100,300900,303000,304500,305300,306500,308100,309200,310200,311600,313000,314200,315400,316300,316800,318000,319700,321200,322200,322900,323400,324200,325200,326400,327900,329500,330900,332300,333700,335200,336600,338100,339800,341600,343400,345400,347800,350300,352800,355300,358100,361500,364900,367900,370300,372300,373500,374300,375700,378100,380400,382400,384000,386400,389600,391600,392900,394800,396900,398500,400100,401500
Michigan,MI,9933445,39.5,57091,16.3,459.0111097,76600,77100,77600,78200,78700,79200,79600,80000,80500,81100,81700,82200,82700,83300,83900,84500,85100,85800,86400,87100,88000,89000,90000,90800,91500,92200,92800,93300,93700,94100,94500,94900,95400,96000,96600,97200,97800,98500,99200,99900,100700,101500,102300,103100,104000,104800,105500,106200,106900,107700,108400,109100,109700,110400,111100,111700,112300,112700,113100,113500,114000,114400,114800,115200,115600,115900,116300,116700,117100,117700,118300,119000,119600,120100,120600,121000,121400,121800,122200,122700,123100,123600,123900,124000,124100,124300,124600,125000,125500,126000,126500,126900,127300,127700,128100,128500,129000,129600,130200,130800,131300,131800,132300,132800,133400,133900,134300,134800,135300,135700,136100,136400,136700,137000,137200,137300,137300,137200,137000,136900,136900,136700,136400,136100,135900,135600,135300,134900,134400,133900,133200,132700,132200,131400,130500,129600,128600,127500,126500,125400,124200,123000,121700,120500,119300,117900,116300,114800,113200,111600,110100,108600,107000,105500,104000,102600,101300,99800,98100,96600,95400,94200,93200,92500,92000,91800,91900,91300,90200,89500,89500,89300,88900,88400,87900,87300,86600,85900,85300,84700,84300,83700,83300,82800,82500,82300,82200,82000,81800,81800,81800,82000,82300,83000,83700,84100,84500,85100,85600,86300,87000,87700,88300,89000,90100,91000,91600,92600,93600,94600,95500,96600,97500,98200,99000,99900,100800,101700,102500,103200,104000,104900,105800,106600,107400,108300,109100,109800,110500,111100,111900,112800,113500,114000,114900,115800,116600,117200,117800,118500,119600,120400,121100,122200,123400,124300,125100,126100,127000,127800,128700,129900,130900,131800,132600,133300,133900,134700,135600,136500,137500,138500,139500,140300,141100,142200,143300,144500,145800,146600
Minnesota,MN,5525050,37.8,70218,10.8,242.6470375,87100,87400,87900,88400,88900,89300,89700,90000,90200,90500,90700,90800,90800,91000,91200,91500,91900,92400,93000,93500,94100,94800,95400,95900,96400,97000,97700,98600,99600,100800,102000,103300,104600,105800,107000,108200,109500,110800,112200,113700,115100,116500,117800,119200,120600,122100,123400,124600,125800,127100,128300,129700,131200,132700,134200,135700,137100,138400,139600,140900,142300,143900,145600,147500,149300,150900,152500,154000,155400,156800,158300,159800,161200,162500,163800,164800,165800,166800,167900,169100,170400,171800,173100,174500,175800,177000,178100,179200,180200,181100,182100,183200,184300,185400,186700,188200,189700,191100,192400,193600,194600,195600,196500,197400,198300,199200,200200,201200,202300,203400,204300,205200,206000,206700,207600,208400,209200,209900,210300,210400,210100,209600,209000,208400,207800,207300,206900,206600,206400,206400,206200,206200,206100,205500,204600,203600,202700,201700,200600,199300,197600,195900,194000,192400,191100,189500,187700,185800,183800,182100,180600,179100,177800,176600,175400,174400,173300,171700,169900,168600,167900,167400,167100,166800,166700,166900,167400,166400,164400,163700,164500,164600,163900,162400,160800,159200,157600,155900,154200,152700,151800,150900,149600,148900,148500,148100,147700,147500,147300,147000,146800,147100,147500,148300,149400,150300,151000,152100,153200,154200,155300,156400,157300,158200,159300,160300,161200,162400,163900,165300,166600,167800,169000,169600,170200,171300,172600,173600,174300,174600,174900,175400,176000,176300,176600,177200,178000,179200,180700,182000,183000,183700,184400,185100,185800,186700,187600,188600,189900,191300,192600,193600,194600,195900,197100,198100,199300,200800,202400,204000,205600,207500,209100,210500,211900,213100,214000,215300,216800,217800,218700,220300,222100,223400,224600,225500,226100,226800,228200,229200
Mississippi,MS,2985415,36.7,41099,22.3,280.487405,70900,71000,71100,71300,71500,71700,71800,71800,71700,71600,71600,71500,71400,71500,71700,71800,72000,72300,72400,72600,72800,73000,73100,73100,73000,72800,72500,72200,71900,71500,71100,70600,70200,69900,69800,69800,70100,70500,71000,71500,72000,72300,72500,72700,72800,73000,73200,73300,73300,73100,72600,71800,70800,69700,68700,67900,67500,67300,67200,67200,67300,67400,67600,67900,68100,68300,68400,68400,68500,68700,68800,68800,68900,69000,69200,69400,69500,69600,69600,69600,69700,69700,69800,70000,70100,70200,70200,70100,70000,69900,69800,69800,69800,69900,70100,70200,70300,70400,70600,71200,72200,74200,76800,79700,82500,84900,86900,88500,90100,91900,93800,95700,97300,98500,99300,100000,100500,101200,102100,103400,104900,106400,107900,109500,111000,112200,113100,113700,114300,114800,115300,115400,115400,115300,115200,115400,115700,116100,116300,116000,115600,115000,114500,113900,113200,112600,112200,112000,111900,111800,111700,111400,111100,111000,110900,110800,110500,110200,109800,109100,108500,108300,108600,109400,110500,111600,112100,113500,115700,116900,117200,117200,116400,116100,116200,115800,114700,113700,112900,112200,111400,110800,110500,110600,110500,109200,107100,105700,105200,105000,105000,104600,104200,104300,104300,103800,103400,103000,102900,103000,102900,102400,102200,102200,102000,101500,101000,100700,100400,100000,99500,99300,99100,99200,98900,97900,96800,96300,96200,96500,97000,98000,98800,99200,99700,100500,101200,101800,102200,102400,102700,103500,104500,105200,105600,106100,106600,107100,107500,108000,108700,109300,109800,110300,111100,112100,113100,114000,114700,114900,114900,114800,114900,114800,114700,114900,115400,115700,116200,116900,117000,116800,117100,117900,119200,121100,122700,123200,123100,123200
Missouri,MO,6091176,38.3,55016,15.3,519.3500739,82500,82600,82600,82700,82800,83000,83300,83800,84400,85200,86000,86800,87500,88100,88600,88900,89100,89400,89600,89800,90200,90700,91200,91700,92100,92500,92900,93200,93500,93800,94100,94400,94700,95100,95500,95900,96300,96800,97200,97600,98100,98600,99000,99300,99800,100200,100600,101000,101400,101900,102300,102800,103400,103900,104400,105000,105500,106100,106700,107300,108000,108600,109200,109800,110300,110800,111400,111900,112400,112900,113500,114100,114700,115300,115900,116500,117200,117900,118500,119100,119600,120100,120500,120900,121400,121900,122400,122900,123300,123800,124200,124600,125000,125200,125400,125500,125700,125800,126100,126400,126700,127000,127400,127800,128400,128900,129500,130000,130600,131300,131900,132600,133300,133900,134600,135200,135700,136200,136500,136900,137200,137500,137700,138000,138400,138800,139100,139400,139600,139800,140000,140100,140200,140200,140100,140000,139800,139600,139300,139100,138800,138600,138400,138200,138000,137800,137300,136800,136300,135800,135400,135000,134700,134500,134200,133900,133500,133100,132500,132000,131500,131000,130600,130200,130100,130100,130100,129900,129400,129100,129000,128700,128400,128000,127800,127600,127000,126200,125600,124700,123900,123600,123400,123300,123200,123000,122700,122300,121800,121200,120900,121200,121400,121100,121000,121100,121300,121500,121600,121700,122000,122200,122300,122400,122800,123100,123400,123600,123600,123700,124000,124300,124500,124700,125000,125300,125400,125600,125700,125800,125900,126000,126100,126200,126600,127200,127400,127500,127900,128600,129200,129800,130400,131000,131600,132100,132700,133200,133600,133900,134500,135000,135400,136000,136500,136900,137500,138300,138900,139400,140000,141000,141800,142300,142600,143200,143800,144400,145100,146100,147100,148000,149000,150000,151000,152100,153200,154000,154900,155700
Montana,MT,1038656,39.8,57075,14.9,368.3382573,134400,134400,134400,134500,134500,134500,134500,134400,134400,134300,134300,134300,134200,134300,134400,134500,134500,134600,134600,134500,134500,134400,134300,134200,134200,134300,134300,134400,134400,134500,134500,134500,134500,134400,134400,134300,134300,134300,134300,134400,134500,134500,134500,134400,134400,134400,134400,134300,134300,134300,134400,134500,134600,134600,134500,134400,134100,133800,133600,133600,133900,134700,135900,137300,138600,139700,140500,141000,141400,141700,142000,142200,142400,142700,143100,143400,143800,144200,144700,145300,146200,147100,148000,148600,148500,147300,145200,142800,140800,139600,138900,138500,138400,138400,138800,139400,140500,141800,143300,144700,145800,146700,147600,148600,149800,150900,151900,152600,153100,153700,154500,155700,157000,158200,159300,160200,161000,161800,162600,163500,164500,165600,166900,168200,169300,170400,171300,172200,173000,173700,174400,175000,175500,176000,176400,177000,177600,178300,179100,179900,180600,181100,181500,181900,182100,182300,182400,182400,182400,182400,182400,182400,182400,182400,182400,182400,182300,182200,182200,182000,181700,181500,181200,180900,180700,180500,180300,180800,181800,182600,182800,182900,182700,182500,182100,181400,180500,180200,180100,179500,178300,177400,177000,176600,176500,176500,176800,177300,178100,178500,178400,178400,178700,178900,178900,179300,179700,180300,181000,181800,182600,183100,183400,183600,183900,184700,185900,186800,187400,187700,187600,187500,187500,187800,188200,188500,188700,189000,189300,189900,190800,191900,192500,192500,192300,191900,191600,191900,192400,192800,193700,194600,195100,195700,196400,196900,197300,197800,198600,199700,201600,203300,203900,203600,203700,204700,206300,207400,208400,209200,209100,208700,209000,209400,209200,209000,209300,209700,210500,212400,214500,217000,220300,223200,224100,224200,224600,226000,227100,227500
Nebraska,NE,1907603,36.2,59374,12.4,291.0153341,73700,74500,75400,76300,77200,77900,78600,79000,79400,79700,79900,80000,80000,79900,79600,79400,79300,79300,79300,79400,79600,79900,80100,80300,80500,80700,80800,81100,81300,81700,82000,82500,83100,84100,85600,87800,90600,93800,97000,99700,101800,103300,104200,104900,105700,106600,107600,108400,109100,109600,109900,110100,110300,110600,110700,110400,109600,108100,105700,102500,99300,96500,94400,93000,92300,92100,92300,92700,93100,93700,94200,94700,95100,95300,95600,95700,95900,96100,96300,96700,97000,97300,97500,97900,98500,99000,99700,100400,101300,102100,102900,103600,104200,104800,105600,106500,107600,108700,109700,110500,110900,111100,111200,111500,112200,113100,114200,115100,115800,116100,116200,116100,116200,116300,116600,116900,117400,117900,118400,118900,119300,119700,120000,120300,120600,120800,121000,121100,121100,121000,121000,121000,121000,121100,121100,121100,121100,121000,121000,120800,120600,120200,119900,119400,119000,118700,118500,118400,118300,118300,118200,118200,118200,118300,118300,118400,118400,118400,118300,118200,118200,118200,118200,118400,118600,118700,118700,118900,119100,119400,119500,119500,119200,118800,118500,118200,117800,117500,117300,117300,117300,117200,117000,116700,116500,116700,116800,116500,116400,116500,116700,116500,116500,116800,117100,117500,118100,118400,118700,119400,120000,120200,120300,120500,120700,120800,121200,121800,122300,122600,123000,123300,123400,123700,124000,124300,124500,124600,124800,125100,125500,126000,126600,127100,127600,128200,128900,129600,130300,131000,131600,132100,132700,133200,133600,134000,134500,135300,136000,136500,137000,137600,138000,138300,138700,139300,140100,141100,141900,142500,143000,143900,144900,145800,146800,147600,148400,149200,150100,151000,152000,153000,154100,155000,155700,156700,158000,159200,160400,161200
Nevada,NV,2939254,37.5,55431,14.9,678.081861,129800,129600,129400,129300,129300,129300,129500,129800,130100,130500,130800,131000,131200,131300,131400,131400,131500,131700,132000,132300,132700,133100,133500,133800,134100,134200,134400,134500,134600,134800,135000,135200,135300,135500,135600,135800,136000,136300,136700,137100,137600,138100,138600,139200,139800,140500,141100,141500,142000,142400,142800,143300,143700,144100,144700,145300,146000,146800,147600,148300,149000,149800,150600,151400,152200,153200,154200,155300,156600,157900,159100,160200,161100,162000,162700,163200,163800,164400,165200,166100,167200,168400,169700,171000,172600,174300,176400,178700,181500,184800,188600,193000,197900,203100,208700,214900,221700,229300,237700,246500,255100,263100,270000,275800,280800,285300,289500,293500,297400,300600,303200,305400,307100,308700,310200,311600,312900,314100,315300,316700,318100,319000,319100,318400,317000,315100,312900,310400,307900,305600,303000,300300,297700,294900,291900,288800,285400,281800,277900,273400,268100,262100,255900,249900,244200,238600,232700,226800,221400,216300,211400,206500,201600,196700,191600,186400,181100,175800,170500,165800,162000,159000,156700,155000,154000,153400,153400,152700,151000,149700,149300,148300,146800,145400,143800,142300,140900,139200,137800,136500,135100,133300,131700,130600,129700,128600,127900,127300,126800,127100,127400,127800,128400,129000,129800,131600,133600,135400,137000,138900,141200,143100,145000,147500,151200,155700,159800,163200,166300,169200,171700,173700,175400,176800,178400,180100,182000,183500,184800,186000,187100,188200,189800,191700,193500,194900,196000,197200,198500,200100,201700,203400,204800,206300,207800,209600,211400,213000,214400,216100,218100,219700,220500,221500,223100,224900,226800,228800,230500,232000,233800,235900,238300,240800,243200,245100,247100,249700,253000,255900,258600,262000,265700,268000,269900,272600,275700,278400,281600,284300
New Hampshire,NH,1335015,42.4,76260,8.5,197.5584266,99700,99600,99600,99700,99900,100000,100200,100300,100600,100900,101300,101600,102000,102400,102800,103300,103900,104600,105400,106200,107300,108400,109500,110500,111300,112100,112800,113500,114200,114800,115500,116100,116900,117700,118500,119400,120300,121400,122500,123800,125000,126200,127500,128900,130500,132100,133700,135200,136700,138100,139600,141100,142600,144100,145600,147300,149000,150700,152400,154200,155900,157700,159500,161300,163000,164700,166400,168000,169700,171300,172900,174600,176300,178000,179800,181700,183700,185700,187800,190000,192300,194600,196800,199000,201300,203400,205600,207800,210000,212300,214500,216500,218400,220400,222400,224600,226900,229200,231500,233700,235600,237600,239600,241700,243900,246200,248400,250400,252400,254100,255500,256800,257800,258700,259500,260000,260300,260400,260100,259800,259400,259000,258600,258200,257600,256900,256100,255300,254400,253600,252900,252300,251900,251400,250800,249900,249000,247900,246700,245400,243800,242200,240700,239400,238100,236400,234500,232600,230800,229300,227900,226500,225100,223700,222300,220900,219500,217700,216000,214600,213900,213500,213400,213500,213600,213900,214100,214000,213600,213300,213200,212700,211900,210600,209200,207700,206000,204400,203100,201900,200400,199200,198300,197600,196900,196400,195900,195800,196000,196200,196000,195800,195800,196200,197200,198000,198100,197900,198100,198400,198600,198900,199600,200300,201200,202300,203200,203900,204900,205900,206600,207400,208500,209600,209900,210100,210600,210800,211100,211900,213000,214000,214800,215500,215900,216100,216700,217700,219000,219900,220700,221300,222000,222500,223500,224400,225100,225600,226200,226600,227400,228300,229000,229800,231000,232400,233700,235200,237000,238900,240800,242800,244500,246000,246800,247700,248900,250500,252300,254000,255100,256300,258000,259700,261100,262800,264800,266700,268700,270200
New Jersey,NJ,8978416,39.5,68468,10.9,245.0005696,143400,143200,143000,142700,142500,142400,142400,142500,142800,143200,143600,144000,144300,144600,144900,145100,145400,145600,145800,146100,146500,147100,147600,147900,148200,148600,148900,149200,149600,150100,150600,151200,152000,152900,153700,154500,155400,156300,157100,158000,158900,159800,160900,162000,163200,164600,166000,167400,168700,170000,171200,172500,173700,174900,176200,177600,179100,180700,182300,183900,185600,187300,189200,191100,193100,195100,197300,199500,202000,204500,207000,209600,212300,215100,218000,221000,224200,227600,231000,234500,238000,241200,244300,247300,250200,253200,256200,259200,262200,265100,267900,270600,273300,276000,278900,281900,285100,288600,292200,296000,299900,303800,307600,311400,315100,318900,322500,326200,330200,334200,338200,342300,346200,350100,353800,357200,360500,363400,366100,368700,371100,373100,374600,375600,375900,375600,375000,373900,372800,371900,370900,370100,369300,368200,366600,364900,363100,361400,359700,358000,356300,354500,352500,350600,348600,346100,343000,339700,336300,333100,330200,327300,324600,322000,319200,316400,313400,309900,306400,303900,302300,301200,300500,300000,299800,299800,300100,299100,296700,295200,295000,294000,292200,290200,288200,286000,283300,280500,277900,276100,275200,274100,272900,271500,269600,267800,266300,264800,263300,261900,260400,259400,258900,258500,257700,256900,256600,256300,255800,255700,256000,256300,256600,256700,256800,257200,257800,259100,260700,262100,263200,264400,265300,266200,267200,268100,268700,269000,269500,270100,270600,271100,271600,272100,272200,272000,271800,271600,271300,271500,272000,272500,273100,273800,274300,274400,274700,275100,275300,275500,276100,276700,277300,277800,278200,278200,278300,278900,280200,281500,282500,284300,287500,290700,293200,295200,297400,299700,302200,304500,306600,308800,311100,313400,315200,316600,317700,318700,319900,321200
New Mexico,NM,2085432,37.2,48451,20.9,702.493735,113300,113300,113400,113500,113600,113700,113900,114200,114600,115000,115300,115600,115800,116000,116100,116300,116400,116500,116500,116300,115900,115400,114900,114600,114800,115600,116700,118100,119300,120300,120900,121400,121800,122100,122200,122300,122200,122100,122000,121900,121900,121900,122000,122100,122300,122600,122900,123200,123500,123800,124100,124400,124700,125000,125500,126100,127100,128300,129500,130600,131700,132600,133500,134100,134600,134900,135000,135300,135800,136500,137100,137800,138400,138800,139000,139000,138800,138300,137800,137500,137400,137600,138100,138400,138800,139400,140200,141400,142800,144400,146000,147600,149200,151000,152800,154200,154900,154700,154000,153200,152900,153000,153100,152800,151600,149800,148000,147000,146800,147300,148200,149300,150400,151700,153200,155200,157300,159400,161500,163600,165700,167700,169700,171500,173300,174900,176400,177700,178900,179800,180400,180900,181500,182200,182800,183500,183900,184100,184200,184200,184200,184300,184500,184600,184600,184400,184000,183500,182800,182100,181500,181000,180500,180100,179700,179200,178700,178100,177400,176600,175900,175400,175000,174900,175000,175000,175100,174800,174100,173400,172900,172300,171800,171000,169700,168500,167400,166300,165000,163800,162700,161500,160600,159900,159300,158600,158100,157400,156700,156200,155600,154900,154700,154700,154800,154600,154200,154100,154100,153900,153700,153500,153500,153700,153800,153700,153700,153800,153900,154200,154400,154300,154300,154700,155400,155800,156000,156100,156200,156100,156100,156000,156200,156700,157100,157400,157700,158200,158700,159300,160300,161400,162200,162900,163500,163800,164000,163900,163900,164600,165300,165800,166100,166600,167000,167500,168500,169700,170600,171300,171900,172500,173000,173100,173200,173600,174300,175000,175900,177400,179000,180300,181000,181300,182700,185000,186800,187600,189000,190100
New York,NY,19836286,38.2,61437,15.5,376.2163218,124200,123900,123700,123400,123200,123100,123000,123000,123200,123400,123500,123500,123500,123500,123500,123500,123500,123600,123700,124000,124500,125100,125600,126000,126400,126800,127300,127700,128300,128800,129400,130000,130700,131500,132200,132900,133700,134500,135400,136400,137200,138000,138700,139500,140300,141300,142500,143600,144800,146000,147200,148200,149300,150400,151500,152600,153800,155000,156200,157400,158600,159900,161200,162500,163900,165200,166600,168100,169800,171400,173100,174600,176200,177800,179600,181400,183200,185200,187200,189300,191600,194000,196600,199500,202400,205300,208100,210900,213600,216200,218800,221300,223700,226100,228300,230600,233000,235500,238300,241400,244600,248000,251400,254800,258200,261400,264500,267600,270800,273800,276800,279600,282300,284900,287400,289800,291900,293900,295500,297200,298700,300000,301100,301900,302500,303000,303300,303400,303600,303900,304200,304600,305100,305200,305000,304500,303900,303100,302100,301000,299600,298100,296200,294400,292400,290100,287600,285100,282600,280100,277700,275300,273100,271000,269000,267200,265500,263300,261100,259500,258500,257900,257500,257200,257200,257300,257700,257100,255300,253600,253200,252500,251300,249800,248600,247200,245500,243800,242400,240700,239800,239700,239500,238800,237900,236900,235700,234700,234100,233500,232500,232100,232100,232100,231800,231400,230900,231000,231200,231400,231400,231500,231700,232400,233000,233700,234400,235400,236200,236800,237300,238200,238800,239300,239700,240400,241100,241600,241700,242000,242600,243300,244000,244300,244400,244800,245200,245200,245200,245700,246300,246800,247700,249100,250300,250900,251300,251900,252700,253800,254900,255600,256200,257200,258300,258800,259300,260400,261800,262800,263500,264700,266200,267800,269600,271300,272200,272900,274100,275600,277400,279000,280400,281500,281800,281300,280900,281400,282600,283800
North Carolina,NC,10156689,38.3,53764,16.8,372.2261665,88100,88000,88000,88100,88400,88800,89400,90100,90800,91700,92500,93300,94000,94600,95100,95500,95700,95800,95800,95600,95100,94500,94100,93800,93800,94100,94800,95700,96800,97900,99100,100100,100800,101400,101900,102300,102900,103500,104200,105000,105800,106500,107100,107800,108400,108900,109300,109800,110100,110500,111000,111500,112200,112700,113300,113700,114100,114300,114600,114800,114900,115100,115200,115300,115400,115500,115700,116000,116300,116700,117200,117600,118000,118200,118500,118700,118900,119200,119600,120000,120500,120900,121200,121500,121900,122400,123000,123600,124100,124600,125000,125500,126100,127000,127900,128900,129900,130700,131300,131900,132400,132900,133400,133700,134000,134100,134200,134500,134900,135400,136100,136800,137600,138400,139200,140100,140900,141800,142600,143500,144400,145300,146100,147000,147800,148500,149200,149800,150500,151100,151700,152200,152700,153100,153400,153600,153800,154000,154000,154100,154000,154000,153900,153800,153700,153400,152800,152200,151500,150900,150300,149800,149500,149200,149000,148700,148400,147800,147100,146400,145900,145400,144900,144600,144500,144500,144700,144400,143800,143300,143300,142900,142400,141600,141100,140800,140000,139200,138400,137600,137000,136500,135900,135400,135200,135400,135300,135000,134800,134600,134600,134600,134600,134600,135000,135400,135400,135300,135200,135100,134900,135000,135200,135400,135800,136200,136500,136700,137200,137600,137900,138400,139000,139300,139400,139500,139900,140200,140400,140600,140600,140800,141100,141600,142000,142400,142900,143500,143800,144000,144400,144800,145200,145800,146200,146600,147300,147800,148300,149000,150000,150800,151500,152200,153200,154200,155000,156100,157300,158100,158900,159800,161000,162000,162700,163200,163700,164200,165200,166300,167100,168200,169600,170600,171600,172600,173700,174900,176300,177400
North Dakota,ND,755548,35.2,60184,11.2,251.0713079,,,,,,,,,,,,,,,,,,,,,,,,,,,,,,,,,,,,,,,,,,,,,,,,,,,,,,,,,,,,,,,,,,,,,,,,,,,,,,,,,,,,,,,,,,,,,,,,,,,,,,,,,,,,124500,121300,118200,117300,118400,119700,120400,120900,121400,121200,121000,121800,123100,123900,124700,125200,125100,125000,125000,125400,126400,126700,126800,127400,128900,129900,130100,130100,130700,131400,132000,132400,132900,132900,132900,133500,134200,134400,134600,134500,134000,133700,133600,133600,133700,133400,133100,133400,134000,134500,135100,135200,135200,135300,135400,135400,135300,135200,135300,135500,135900,136100,136600,137300,137800,138400,139200,139900,140300,140800,141200,141500,141800,142300,143200,144100,144600,144500,143800,143000,142800,142900,143300,144000,144500,144800,145200,145600,146000,146700,147700,149300,151200,152900,154300,155700,157100,158300,159300,160500,162000,163500,164700,165700,166700,167500,168300,169100,169800,170800,171800,172600,173500,174600,176100,177500,178800,179800,180900,182100,183300,184400,185900,187500,188500,189200,190000,190500,190800,191200,191900,192700,193900,194800,195500,196000,196600,197200,197900,198700,199400,199900,200400,201200,201900,202400,202900,203200,203500,203500,203600,203800,203600,203300,203300,203300,203400,203500,203300,202800,202500,202800,203300
Ohio,OH,11622554,39.3,53985,15.4,300.2917161,82900,83100,83300,83600,84000,84400,84800,85100,85400,85700,85900,86100,86400,86700,87000,87300,87600,87900,88200,88500,88800,89100,89500,89900,90300,90800,91200,91600,92000,92400,92800,93300,93700,94100,94500,94800,95100,95300,95600,95900,96300,96700,97100,97600,98200,98700,99300,99800,100300,100600,101000,101500,101900,102300,102800,103200,103700,104200,104700,105100,105500,105900,106300,106700,107200,107700,108100,108500,108900,109300,109700,110000,110300,110700,111100,111500,111800,112200,112600,113000,113400,113900,114300,114800,115300,115700,116000,116300,116600,117000,117400,117800,118100,118400,118700,119100,119400,119800,120100,120400,120700,121000,121300,121600,121900,122100,122300,122500,122700,123000,123300,123600,123900,124100,124300,124400,124600,124700,124800,125000,125100,125200,125200,125200,125100,125000,124900,124800,124600,124500,124400,124200,124000,123800,123400,123000,122500,122100,121600,121100,120500,119900,119300,118700,118100,117400,116800,116200,115600,115100,114600,114300,113900,113500,113100,112800,112400,112000,111400,111000,110700,110500,110200,110100,110000,110000,110000,109900,109600,109500,109600,109500,109300,109100,108600,107900,107200,106400,105600,104900,104500,104100,103700,103300,103000,102900,102700,102400,102400,102400,102400,102500,102700,102600,102400,102300,102200,102100,102300,102500,102800,103200,103500,103500,103600,103900,104200,104600,104900,105200,105400,105700,105900,106200,106500,106800,107100,107700,108200,108600,108800,109100,109500,110000,110300,110500,111000,111400,111600,111800,112300,112900,113300,113500,113900,114200,114700,115200,115600,116100,116600,117000,117500,118100,118700,119200,119700,120300,120900,121400,122100,123000,124000,124700,125400,125900,126500,127100,127800,128600,129200,129900,130400,131000,131700,132500,133200,133800,134800,135800
Oklahoma,OK,3921207,36.2,50943,16.5,449.7954792,58400,59500,60500,61200,61500,61500,61300,60900,60700,60500,60000,59300,58500,57800,57200,56700,56500,56500,56700,56900,57400,58100,58700,59000,59500,59900,60400,61000,61500,62000,62300,62500,62600,62700,62700,62500,62500,62600,62900,63200,63500,63900,64300,64700,65200,65800,66400,66900,67300,67600,67900,68100,68400,68500,68800,69100,69500,69900,70200,70300,70400,70400,70400,70500,70700,70900,71100,71300,71500,71800,72100,72400,72800,73200,73600,73900,74200,74600,75000,75400,75700,75900,75900,76000,76300,76500,76800,77200,77500,77900,78200,78500,78800,79100,79400,79700,80000,80300,80500,80800,81200,81600,82000,82400,82600,82800,82800,82700,82800,83100,83500,83900,84400,84800,85200,85600,86000,86400,86800,87200,87500,87900,88200,88600,88900,89200,89600,89900,90200,90400,90600,90700,90900,91200,91500,91900,92200,92500,92700,92900,93300,93700,94200,94700,95100,95200,95200,95100,94900,94700,94500,94500,94500,94800,95100,95500,95800,95900,95900,95900,96000,96100,96200,96300,96400,96600,96900,96900,96800,96800,97000,97000,96700,96300,95900,95600,95400,95200,94900,94500,94300,94000,93600,93300,93300,93200,93100,93100,93100,93100,92900,92800,92700,92900,93000,92900,92800,92900,93100,93300,93200,93100,93100,93200,93200,93300,93500,93800,93800,93800,94100,94200,94300,94500,94700,94700,94700,94800,94900,94900,95200,95600,95700,95800,96000,96000,96100,96500,97000,97500,97900,98200,98800,99200,99500,99800,100300,100900,101700,102700,103600,104200,105000,106100,106900,107500,108200,109200,110000,110700,111200,111700,112400,113200,113800,114200,114500,115000,115500,115900,116400,117000,117900,118700,119400,119700,119700,119800,120300,120600
Oregon,OR,4085989,39.1,59135,15.7,264.5680371,122900,123600,124300,124900,125500,126000,126500,127000,127700,128400,129100,129800,130400,130900,131200,131500,131800,131900,132000,132000,132100,132100,132100,131900,131800,131700,131700,131900,132300,132800,133400,134100,134800,135600,136200,136600,137000,137400,137900,138300,138800,139300,139800,140200,140700,141300,141900,142400,142800,143200,143600,143900,144300,144800,145300,145900,146700,147600,148400,149200,149800,150300,150700,151100,151400,151800,152300,152700,153300,154100,154900,155700,156300,156900,157400,157800,158300,158900,159500,160200,161000,161800,162600,163400,164200,165000,165900,166800,167800,168800,169800,170600,171500,172400,173400,174600,176100,177800,179600,181700,183900,186200,188500,190800,193000,195300,197800,200700,203800,207100,210600,214500,218900,223800,229100,234900,240300,244700,247700,250300,253300,256900,260700,263600,265200,265700,265500,265000,264600,264600,264900,265400,266000,266200,266000,265700,265200,264400,263400,262100,260700,259400,258200,257200,256100,254500,252400,250100,247600,245200,243100,241000,239200,237600,235900,234200,232200,229800,227300,225400,224200,223400,222800,222400,222400,222500,222900,221900,219600,217700,216300,214200,212200,210300,208300,206500,204700,202400,200300,198400,196800,195500,194500,194000,193400,193000,192700,192100,191600,191200,191100,191200,191700,192400,193300,194100,195100,196300,197600,198600,199500,200600,202000,204100,206500,208600,210600,212800,215000,216600,218100,219800,221500,223100,224500,226000,227700,228900,230000,231100,232400,233800,235400,236900,238100,239600,241400,243500,245500,247600,249900,252400,254900,257300,259700,262200,265100,267600,269900,272600,275900,279400,282600,285200,287600,290200,293000,296200,299500,302600,305100,307500,310000,312500,314000,315400,317100,318800,320000,321300,323000,325500,328300,330400,331800,333500,335100,336400,337500,338300
Pennsylvania,PA,12787085,40.6,60979,13.3,316.3820542,77500,77300,77100,76900,76800,76800,76900,77100,77400,77700,77900,78200,78600,79000,79400,79900,80200,80500,80900,81200,81600,82000,82500,82900,83200,83600,83900,84300,84700,85200,85700,86200,86700,87000,87400,87700,87900,88200,88400,88700,88900,89100,89400,89600,89800,90100,90400,90600,90800,91000,91200,91400,91500,91700,92000,92500,93100,93700,94500,95200,96000,96600,97300,98000,98700,99400,100000,100700,101400,102000,102600,103200,103800,104400,105000,105600,106300,107000,107700,108500,109300,110200,111000,112000,113000,114100,115200,116200,117300,118400,119400,120200,121100,122000,123000,123900,125000,126100,127300,128500,129600,130800,131900,133000,134000,134900,135800,136700,137600,138600,139700,140900,142200,143400,144500,145600,146600,147600,148500,149300,150200,151100,151900,152600,153300,153700,154200,154500,155000,155400,155900,156300,156600,156900,157000,157100,157200,157100,157100,157000,156900,156800,156500,156300,156000,155500,155000,154500,154000,153600,153200,152800,152500,152300,152100,151800,151600,151200,150700,150300,150100,149900,149800,149800,149900,150100,150200,150100,149800,149800,149800,149400,148800,148100,147500,146900,146200,145400,144800,144300,143700,143100,142400,141800,141200,140800,140700,140500,140100,139600,139200,139100,138900,138800,138600,138700,138900,139200,139300,139500,139700,139900,140100,140300,140500,140800,140900,141300,141600,141600,141500,141600,141900,142300,142500,142600,142800,143000,143400,143600,143800,144100,144300,144400,144600,144900,145100,145300,145700,146100,146400,146800,147100,147400,147700,148100,148300,148600,149100,149500,149800,150100,150500,151200,152000,152600,153200,153900,154500,154900,155400,156000,156800,157700,158400,159000,159800,160800,161700,162500,163300,164200,165400,166200,166800,167600,168600,169300,170000,170500
Rhode Island,RI,1057566,39.9,61528,13.8,238.9187695,115800,115700,115700,115600,115600,115600,115600,115700,115800,115900,115900,115800,115800,115700,115700,115700,115800,115900,116100,116400,116900,117500,118100,118500,119000,119300,119700,120100,120600,121000,121500,122000,122500,123100,123700,124200,124800,125400,126100,126700,127300,128000,128900,129900,131100,132400,133800,135000,136200,137400,138400,139300,140200,141200,142300,143500,144900,146500,148200,149900,151700,153500,155400,157400,159600,161700,164000,166400,168800,171300,173700,176200,178700,181300,184100,187100,190300,193700,197000,200400,203700,206700,209800,213100,216700,220500,224500,228500,232200,235700,239000,242300,245600,248800,251900,255000,258200,261400,264600,267800,270800,273700,276600,279300,281900,284600,287000,289100,291000,292600,293900,295100,296000,296700,297000,296900,296500,296100,295900,295700,295500,295200,294700,293900,292900,291700,290500,289400,288400,287700,287000,286100,284800,283400,282100,280400,278700,276900,275200,273500,271300,268800,266000,263100,260100,257200,254600,251800,249200,246700,244400,242300,240300,238300,236500,234500,232100,229500,227200,225500,224600,224200,224300,224700,225200,225700,226100,227200,228400,228500,227600,226800,225700,224800,224200,222900,221500,220400,219300,217800,215700,213100,211000,209400,208400,207500,205800,203900,202900,202400,201500,200500,200800,202600,204100,205000,205400,205400,205300,206100,206700,206300,205400,205100,205600,206900,208700,210300,211100,211500,212300,212500,212300,212400,213600,214900,216100,216900,217300,217700,218400,218800,219000,219500,219900,220000,220700,221700,221400,220700,221000,222000,222900,223600,224700,226100,227500,228900,230300,231400,232200,233400,234600,236000,238000,240100,241200,241900,243500,245300,246700,248000,249900,251900,253200,254200,255500,257400,259800,262800,265500,267600,269400,270500,271600,273200,274600,275100,275400,276000
South Carolina,SC,4959822,38.8,54336,17.2,501.8222703,74300,74200,74200,74300,74500,74900,75500,76100,76800,77600,78400,79200,79900,80500,81200,82000,83000,84200,85400,86700,87600,88200,88600,88900,89200,89500,89800,90000,90200,90200,90300,90400,90600,90900,91300,91800,92200,92600,92900,93100,93400,93600,94000,94500,95200,96100,97300,98400,99500,100400,101100,101600,102000,102200,102400,102500,102700,102900,103100,103400,103600,104000,104300,104700,105000,105200,105400,105500,105500,105400,105300,105300,105300,105600,106000,106500,107000,107600,108200,108800,109200,109600,109800,110100,110500,110900,111300,111700,112300,112900,113400,114100,114700,115400,116100,116800,117400,118100,118800,119400,120100,120800,121500,122200,123000,123800,124700,125500,126400,127400,128300,129300,130200,131100,132000,132800,133700,134600,135500,136500,137600,138500,139400,140400,141300,142200,142900,143400,143800,144100,144300,144400,144600,144600,144500,144400,144100,143800,143600,143400,143200,143000,142900,142600,142300,141900,141400,140700,139900,139200,138500,137800,137100,136500,135900,135300,134700,133900,133200,132600,132200,132000,131800,131700,131700,131600,131700,131500,131100,130700,130400,130100,129600,128900,128100,127300,126600,125800,124900,124000,123300,122900,122500,122200,122000,121700,121300,121100,121100,120900,120700,120800,121000,121100,121000,121000,120900,121100,121300,121500,121500,121700,121700,121800,122200,122600,123000,123400,123800,124200,124500,124800,125100,125200,125500,125800,126100,126200,126300,126300,126400,126400,126500,126600,126800,127300,127800,128000,128400,128900,129300,129700,130000,130400,130900,131700,132400,133100,133800,134700,135800,136700,137700,138900,140200,141300,142200,143300,144400,145300,146100,146900,147400,147800,148400,149100,149900,150700,151500,152300,153100,154200,155700,156900,157600,158300,159100,159700,160700,161800
South Dakota,SD,861542,36.8,57450,14,418.3931208,40600,40800,41100,41600,42300,43300,44500,45900,47200,48300,49200,49700,49700,49200,48600,48200,48100,48100,48400,49000,49800,51000,52500,54300,56300,58200,59900,61400,62700,64000,65300,66700,68400,70400,72600,74900,77000,78800,80000,80700,81000,81000,80800,80500,80100,79800,79900,80100,80700,81400,82300,83000,83500,83800,84000,84300,84900,86000,87300,89000,90700,92300,93600,94600,95200,95500,95800,96100,96600,97200,97800,98100,98100,98000,98000,98200,98900,100000,101100,102200,102400,101400,99600,97800,96200,95000,94600,94900,96000,97600,99600,101700,103800,106100,108400,110800,113200,115500,117400,118900,119900,120500,120700,120600,120400,120500,120700,121100,122000,123100,124500,126000,127300,128300,129200,130000,130800,131700,132800,133800,134800,135700,136500,137000,137400,137700,138000,138100,138300,138500,138700,138800,138900,138800,138700,138600,138400,138300,138400,138600,138900,139300,139700,139800,139700,139600,139400,139400,139400,139500,139700,140000,140300,140500,140800,141100,141300,141400,141400,141200,140900,140500,140300,140100,139900,139800,139800,139800,140100,140400,140600,140800,141000,141000,140700,140500,140100,139700,139400,138900,138500,138400,138300,138300,138300,138400,138300,138000,137700,137500,137400,137500,137300,137000,136800,137100,137800,138700,139500,140600,141800,142800,143400,143800,144300,145000,145800,146300,146400,146300,146500,146500,146300,145900,145700,146000,146300,146600,146800,147300,148000,149000,149900,150700,151400,152300,153500,154600,155600,156400,157000,157500,158000,158500,159000,159500,160700,162500,163500,163700,164200,165100,165700,165900,166200,166400,166600,167300,168300,169000,169300,170000,170700,171300,172000,172700,173200,173900,175000,176000,176200,176500,177800,179600,180700,181300,181800,182500,183000,183200
Tennessee,TN,6649404,38.5,51344,17.2,632.9239532,69500,69900,70400,70900,71400,71800,72300,72600,73000,73300,73700,74000,74300,74600,75000,75300,75600,75900,76300,76600,77000,77400,77800,78100,78400,78700,79100,79500,79900,80300,80700,81000,81300,81600,81800,82200,82500,82800,83200,83500,83900,84200,84500,84800,85100,85400,85700,86000,86300,86500,86600,86800,86900,87000,87200,87400,87600,88000,88400,88700,89000,89300,89600,89800,90000,90100,90300,90500,90700,90900,91000,91200,91300,91400,91600,91700,92000,92300,92700,93200,93600,93900,94100,94400,94500,94800,95100,95400,95800,96200,96600,97100,97500,97900,98300,98800,99300,99900,100500,101200,101800,102500,103200,103900,104600,105300,106100,106900,107800,108800,109700,110700,111700,112600,113500,114300,115200,116000,116700,117400,118000,118600,119300,120100,120700,121400,122000,122500,122900,123400,123800,124300,124700,125100,125300,125400,125400,125400,125300,125100,125000,124800,124700,124700,124600,124400,124000,123500,122900,122400,121900,121500,121200,120900,120600,120300,120000,119500,119000,118600,118300,118100,118000,117900,118000,118100,118200,117900,117600,117500,117500,117300,117100,116600,116100,115700,115200,114800,114500,114100,113800,113400,112900,112400,112300,112300,112000,111800,111600,111300,111000,111000,110900,110900,111200,111500,111500,111500,111600,111800,112000,112100,112300,112700,113100,113400,113700,114100,114400,114900,115500,116000,116500,116800,117100,117500,118000,118500,119100,119600,119900,120400,120800,121300,121700,122300,122700,123200,123900,124500,125000,125600,126200,126900,127700,128300,129100,129700,130400,131200,131900,132600,133300,134300,135400,136400,137400,138600,139900,141100,142200,143100,144100,145200,146200,147000,147600,148200,149000,150000,151100,152500,154200,155700,156800,157700,158400,159300,160800,162000
Texas,TX,27904862,34.2,58146,16.7,434.4247033,92800,92800,93000,93200,93300,93400,93500,93600,93500,93500,93400,93400,93300,93400,93500,93700,93900,94100,94500,94900,95400,96000,96500,97000,97300,97700,97900,98100,98300,98400,98600,98900,99300,99800,100400,100900,101400,102000,102600,103600,104900,106500,108200,109700,111100,112100,112900,113300,113600,113700,113600,113200,112500,111400,110300,109500,108900,108600,108400,108500,108800,109200,109600,109900,110000,110200,110300,110500,110700,110900,111200,111400,111700,112000,112500,112900,113400,113900,114400,114800,115100,115300,115400,115500,115600,115800,115900,116100,116400,116700,116900,117300,117800,118600,119500,120500,121500,122200,122900,123500,124100,124700,125400,126000,126500,126900,127300,127600,127900,128200,128500,128800,129000,129200,129300,129500,129800,130000,130300,130700,131100,131500,131900,132400,132900,133400,133800,134300,134800,135200,135500,135800,136200,136600,137100,137500,137900,138300,138700,138900,138900,138600,138100,137500,136800,136100,135400,134700,134200,133800,133400,133000,132700,132500,132300,132000,131700,131300,130900,130700,130700,130700,130700,130700,130900,131000,131100,131100,130800,130600,130500,130400,130100,129900,129600,129300,128900,128500,128100,127800,127700,127600,127500,127300,127100,126700,126300,126200,125900,125700,125700,125900,126300,126500,126500,126700,127000,127200,127200,127300,127600,128000,128400,128700,129000,129400,130000,130500,131000,131600,132200,132800,133400,133800,134300,134900,135500,136100,136700,137200,137800,138500,139200,140100,141000,141800,142400,143100,144000,145000,145900,146600,147400,148300,149200,150100,151000,151900,153000,154000,155200,156500,158100,159800,161300,163000,164800,166300,167500,168900,170100,171300,172400,173400,174200,175000,175800,176700,177600,178500,179500,180600,182000,183300,184200,185200,186200,187100,188000,188700
Utah,UT,3044321,30.3,67481,11.7,242.7555956,147200,147000,146600,146200,145900,145700,145600,145600,145700,145900,146100,146300,146600,147000,147400,147900,148400,148900,149200,149600,150000,150300,150500,150700,150900,151000,151100,151200,151300,151400,151400,151500,151600,151700,151700,151700,151800,151900,151900,152000,152200,152500,152800,153300,153900,154600,155400,156300,157300,158300,159300,160300,161100,161800,162400,162900,163300,163500,163700,163800,163800,163800,163800,163900,164100,164400,164800,165100,165300,165500,165700,165800,165800,165700,165500,165300,165200,165000,165000,165100,165400,165700,166200,166700,167400,168000,168600,169100,169400,169500,169600,169700,169700,169700,169500,169200,168800,168400,168100,167900,167800,167900,168100,168500,169000,169700,170500,171400,172200,173000,173800,174600,175700,176900,178200,179600,181000,182400,184000,185800,188000,190500,193200,196400,199900,203300,206500,209500,212400,215200,217800,220600,223500,226500,229500,232600,235600,238200,240400,242200,243500,244500,245100,245700,246100,246100,245600,244700,243400,241900,240600,239300,238000,236800,235600,234300,233000,231400,229400,227000,224600,222500,220800,219400,218500,218200,218300,217500,215500,213500,212400,211100,209700,208400,207100,205600,203700,201600,199700,198400,196900,195800,195200,194900,194400,193600,193200,193300,193500,193200,192400,192000,192600,193500,193800,193900,194500,195400,196100,196900,198200,199900,201500,203100,204900,206800,208700,210800,212700,214300,215400,216400,217500,218800,220100,221200,221800,222200,222600,223100,224100,225400,227000,228600,229700,230300,230800,231900,233200,234200,235200,236500,237900,239400,241300,243000,244400,245800,247400,249100,251000,252700,254100,255500,257100,258900,261000,263100,265000,266900,268700,270700,273100,275400,277400,279700,282200,284100,285800,288400,291300,294500,297900,300800,303500,307300,311300,314700,318100,320900
Vermont,VT,623354,42.6,60837,11.6,158.3428595,90800,90100,89300,88600,87900,87300,86800,86600,86500,86400,86500,86500,86600,86800,87000,87300,87600,87800,88100,88300,88600,88800,89100,89300,89800,90500,91300,92300,93300,94200,95000,95700,96300,96900,97400,97800,98200,98700,99200,99800,100600,101400,102200,103000,103900,104900,105700,106500,107300,108000,108600,109200,109800,110300,110800,111500,112100,112800,113500,114300,115000,115700,116300,116900,117500,118100,118800,119600,120600,121600,122600,123700,124700,125800,126700,127600,128500,129400,130300,131200,132200,133200,134300,135200,136200,137300,138400,139800,141300,142800,144100,145100,146100,147100,148200,149400,150900,152400,154200,155900,157500,159100,160800,162600,164500,166500,168400,170400,172500,174400,176300,178000,179500,180900,182100,183200,184100,185000,185800,186500,187100,187700,188200,188700,189200,189900,190500,191200,191700,192100,192400,192600,192600,192400,192200,192000,191800,191800,191900,192000,192100,192300,192300,192100,191600,190900,190100,189300,188400,187600,186800,186000,185200,184600,184000,183300,182400,181500,180700,180200,179800,179400,179000,178700,178400,178200,178100,178300,179000,180200,181300,181700,181500,181100,180400,179700,179400,178800,178200,178000,178100,177900,177600,177200,177200,177600,178300,178900,179200,179400,179200,178800,178200,177800,177800,178200,178600,178900,179000,179000,179100,179500,179700,179700,179800,179900,179700,179700,179800,180000,180700,181200,181100,181200,181900,182800,183300,183200,183100,183000,182900,182800,182800,182900,183300,183100,182600,182500,182600,182900,183600,183900,183800,183600,183400,183400,183300,183300,183500,184100,184700,185100,185600,186200,186300,186000,186100,186500,187300,188700,190000,190600,190900,191500,191900,192000,192200,192600,193000,193600,194100,194400,194600,194700,194900,195100,195200,196100,198200,200000
Virginia,VA,8414380,37.8,66451,11.4,217.5751039,106400,106500,106600,106800,106900,107000,107300,107700,108100,108400,108800,109100,109300,109600,109700,109900,110100,110400,110700,111100,111800,112600,113400,114200,115100,116000,116800,117600,118300,118700,119000,119300,119600,120000,120400,120800,121100,121500,121900,122300,122800,123300,123900,124600,125500,126500,127400,128200,129000,129600,130300,130800,131400,132000,132700,133500,134300,135100,135900,136600,137300,138100,139000,140000,140900,142000,143100,144300,145500,146700,148000,149200,150400,151700,152900,154000,155200,156400,157600,158900,160200,161400,162600,163900,165300,166800,168500,170300,172200,174200,176200,178300,180500,182700,185100,187900,191000,194500,198300,202500,206900,211200,215500,219700,223800,227900,231900,235700,239600,243200,246600,249600,252400,254800,256900,258800,260400,261700,262900,263900,264700,265100,265200,265100,264900,264800,264700,264600,264700,265000,265200,265500,265600,265300,264600,263800,262600,261500,260200,258700,257000,255100,253100,251100,249000,246700,244300,242100,240200,238400,236700,235000,233500,232000,230500,228900,227100,225100,223300,221900,220900,220100,219600,219300,219300,219400,219700,219100,217900,217400,217700,217400,216500,215500,214600,213400,212200,210700,209300,208300,207900,207300,206700,206100,205700,205300,205000,204600,204500,204500,204400,204600,205100,205900,206600,207100,207700,208200,208800,209400,210000,210600,211200,212000,213000,213900,214500,215200,215900,216400,216700,217200,217700,218100,218600,219200,219800,220200,220400,220900,221500,222000,222500,222800,223000,223100,223400,223800,224300,224700,225100,225500,226000,226400,226700,227300,227900,228400,228900,229700,230500,231200,232000,232700,233300,234100,235200,236000,236800,237900,238900,239700,240500,241400,242200,242700,243400,244400,245200,245900,246400,247000,248100,249300,249900,250400,250900,251500,252300,252900
Washington,WA,7280934,37.6,70310,12.7,302.1816685,136600,136600,136700,137000,137300,137700,138200,138800,139300,139800,140300,140700,141100,141500,141900,142400,143000,143600,144400,145200,146100,147100,148000,148700,149500,150200,151100,152100,153100,154100,155000,155800,156400,156900,157200,157500,157900,158300,158800,159300,160000,160600,161300,162100,163000,164000,165000,165900,166700,167500,168100,168600,169000,169400,169800,170400,171100,171900,172700,173400,174100,174600,175200,175600,176200,176800,177600,178400,179300,180100,181000,181600,182000,182300,182600,182800,183100,183400,183800,184300,184900,185500,186200,187300,188500,189700,191000,192400,193800,195300,196800,198300,199900,201600,203300,205200,207300,209500,211900,214500,217200,220000,222900,225700,228500,231200,234000,237000,240400,244100,248100,252300,256400,260500,264400,268000,271600,274900,278000,281200,284500,287700,290700,293500,296000,298300,300200,301800,303300,304800,306000,307200,308300,309000,309300,309200,308700,307700,306400,304800,303200,301600,300000,298500,296900,295100,292800,290200,287200,284300,281700,279200,276900,274900,272400,269700,266700,263600,260500,258000,256200,254900,254000,253300,253200,253500,253900,252300,249800,247900,246600,244300,242600,241000,239500,238100,235900,233100,230700,229100,227300,225400,223700,222400,221100,219900,218800,217800,217100,216500,216100,216100,216500,216900,217700,218700,219700,220600,221600,222500,223500,224500,225800,228100,230900,233200,235100,236800,238600,240300,241700,242900,244000,245000,245900,247100,248100,249200,250600,252300,253600,255000,256800,258300,259900,261200,262500,264100,266500,269000,271200,273600,276100,278500,280600,282900,285200,287600,290000,292800,295800,298600,301300,304700,308200,311300,314400,317500,320500,323700,327200,330500,333700,337200,340100,342400,344700,347100,349200,351800,354700,358600,362500,365000,366700,369400,372000,373200,374100,375200
West Virginia,WV,1828637,41.9,44354,17.7,358.090374,48800,49000,49100,49100,49200,49200,49300,49500,49600,49800,49900,50000,50100,50300,50300,50400,50500,50700,50900,51300,51800,52400,53000,53500,54000,54300,54600,54800,55000,55200,55300,55500,55700,56000,56200,56500,56700,56900,57100,57300,57400,57500,57600,57600,57600,57600,57600,57700,57800,57900,58100,58200,58400,58700,59100,59500,59900,60200,60500,60800,61000,61200,61200,61200,61100,61200,61200,61300,61400,61500,61500,61600,61700,61700,61900,62100,62500,63200,64000,65000,65900,66700,67500,68300,69200,69900,70600,71000,71000,70700,70200,69500,68900,68600,68600,68900,69400,70100,71100,72300,73300,74300,75200,76300,77500,78700,79500,79800,79700,79400,79400,79600,80000,80400,80800,81100,81300,81500,81600,81600,81700,81900,82200,82400,82800,83500,84100,84400,84400,84200,84000,84100,84300,84800,85200,85300,85100,84800,84400,84000,83800,83800,83800,83900,83800,83500,83100,82700,82300,82100,81900,81900,81900,81800,81800,81800,81700,81500,81400,81100,80900,80600,80400,80400,80500,80500,80600,80700,80700,80500,80100,80100,80300,80500,80600,80600,80600,80500,80200,79800,79700,79900,80100,80200,80100,80100,79900,79700,79500,79300,79200,79200,79400,79700,79700,79700,79800,80100,80400,80500,80600,80900,81100,81300,81500,81800,81900,82200,82400,82500,82500,82700,83000,83100,83000,82800,82900,83100,83400,83600,83700,83800,84100,84400,84500,84900,85400,86000,86200,86200,86600,87100,87600,87900,88200,88600,89000,88900,88900,88900,89100,89100,89300,89700,90100,90200,90200,90400,90500,91200,92100,92800,93000,93200,93200,92600,92100,92000,92100,92300,92400,92700,93300,94100,94800,95000,95200,95600,96200,96800
Wisconsin,WI,5772917,39.1,59817,12.7,305.933437,109300,109100,108700,108000,107200,106200,105500,104900,104600,104600,104700,104600,104600,104700,104800,104900,105000,105000,105100,105100,105300,105700,106000,106200,106500,106800,107200,107600,108000,108600,109200,109900,110700,111500,112200,112700,113200,113800,114300,114800,115400,116000,116500,117100,117800,118700,119600,120300,121000,121600,122200,122700,123100,123700,124200,124800,125500,126100,126700,127400,128100,128700,129400,130100,130700,131400,132000,132700,133500,134400,135200,136000,136700,137400,138000,138600,139100,139600,140100,140700,141500,142300,143200,144100,144900,145600,146300,146900,147600,148200,148900,149600,150400,151400,152600,153800,155100,156400,157600,158800,159900,160800,161500,161600,161000,159600,157800,156000,154800,154200,154200,154600,155300,155900,156600,157300,157900,158500,159000,159500,159900,160100,160200,160200,160200,160300,160400,160600,160900,161200,161500,161900,162100,162100,161900,161800,161600,161500,161300,161100,161000,160800,160600,160200,159800,159100,158400,157600,157000,156400,155800,155200,154800,154400,154100,153800,153500,153100,152400,151700,151000,150500,150100,149800,149700,149800,150000,149800,149300,148900,148800,148300,147500,146800,146100,145100,144100,143300,142500,141900,141400,141000,140500,140200,140100,139700,139500,139400,139100,139000,139000,138700,138600,138800,139000,139200,139300,139200,139100,139200,139400,139700,139900,140300,140700,140800,140900,141300,141700,142200,142900,144200,145300,145600,145800,146200,146500,146900,147400,147700,148100,148300,148000,147500,147300,147300,147600,148200,148800,149400,149900,150300,150800,151400,152000,152800,153500,153800,154400,155200,155900,156700,157600,158400,159100,160100,161200,162100,162900,163800,164600,165400,166400,167400,168200,169000,169800,170900,172000,172700,173600,174500,175200,175600,176200,177000,178000,179100,180700,181800
Wyoming,WY,584910,36.8,57829,11.6,244.2352788,127600,127700,127700,127700,127600,127400,127200,127100,127000,127100,127200,127400,127500,127700,127800,127700,127600,127500,127300,127100,127000,127100,127100,127000,127000,127000,127000,127000,127100,127300,127500,127800,128200,128700,129200,129700,130200,130600,131000,131500,131900,132300,132700,133200,133700,134300,134800,135200,135600,136100,136700,137300,138000,138700,139500,140300,141200,142200,143400,144700,146100,147400,148500,149300,150000,150400,150700,151000,151300,151700,152200,152600,152800,152900,152700,152500,152200,152000,152000,152100,152300,152700,153100,153500,153900,154300,155000,155900,157000,158500,160100,161800,163600,165400,167400,169600,171900,174000,175900,177300,178300,178600,178500,177900,176600,174400,171300,167400,163600,160400,158100,156600,155800,155500,155500,155700,156200,157000,158100,159600,161200,162900,164500,166000,167500,169100,170500,171800,173100,174300,175500,176700,178000,179100,180100,181000,181600,182100,182500,182900,183300,183800,184300,184900,185100,185100,184900,184600,184200,183700,183300,183100,182900,182800,182800,182900,182800,182500,182200,181900,181700,181400,181200,180900,180900,180900,181000,181100,181400,182100,182400,182500,182700,182800,182600,182300,181700,181200,180900,180600,180500,181000,181500,181800,181800,181700,181700,181800,181900,182000,182100,182300,182600,182800,182900,183300,183700,184400,185200,185800,186400,186900,187200,187700,188200,188300,188200,188400,188600,188800,188900,189300,190100,190800,191300,191500,191400,191000,190900,191100,191800,192600,193500,194200,195100,196100,197100,197700,198500,199400,200500,201500,202200,202700,203300,203900,204400,204700,205100,205800,206400,207100,207700,208200,208500,208900,209200,209500,209400,209200,209100,209400,209700,209600,209200,209200,209600,210200,210900,211800,213000,214100,215100,215700,216700,218300,219900,220900,221100,220800